Pregunta,URL,Scraping
Question #: 1,https://www.examtopics.com/discussions/google/view/79414-exam-professional-data-engineer-topic-1-question-1/,True
Question #: 2,https://www.examtopics.com/discussions/google/view/15911-exam-professional-data-engineer-topic-1-question-2/,True
Question #: 3,https://www.examtopics.com/discussions/google/view/16635-exam-professional-data-engineer-topic-1-question-3/,True
Question #: 4,https://www.examtopics.com/discussions/google/view/79677-exam-professional-data-engineer-topic-1-question-4/,True
Question #: 5,https://www.examtopics.com/discussions/google/view/16637-exam-professional-data-engineer-topic-1-question-5/,True
Question #: 6,https://www.examtopics.com/discussions/google/view/16639-exam-professional-data-engineer-topic-1-question-6/,True
Question #: 7,https://www.examtopics.com/discussions/google/view/16640-exam-professional-data-engineer-topic-1-question-7/,True
Question #: 8,https://www.examtopics.com/discussions/google/view/16641-exam-professional-data-engineer-topic-1-question-8/,True
Question #: 9,https://www.examtopics.com/discussions/google/view/79679-exam-professional-data-engineer-topic-1-question-9/,True
Question #: 10,https://www.examtopics.com/discussions/google/view/16642-exam-professional-data-engineer-topic-1-question-10/,True
Question #: 11,https://www.examtopics.com/discussions/google/view/79682-exam-professional-data-engineer-topic-1-question-11/,True
Question #: 12,https://www.examtopics.com/discussions/google/view/16644-exam-professional-data-engineer-topic-1-question-12/,True
Question #: 13,https://www.examtopics.com/discussions/google/view/16279-exam-professional-data-engineer-topic-1-question-13/,True
Question #: 14,https://www.examtopics.com/discussions/google/view/16281-exam-professional-data-engineer-topic-1-question-14/,True
Question #: 15,https://www.examtopics.com/discussions/google/view/16723-exam-professional-data-engineer-topic-1-question-15/,True
Question #: 16,https://www.examtopics.com/discussions/google/view/16729-exam-professional-data-engineer-topic-1-question-16/,True
Question #: 17,https://www.examtopics.com/discussions/google/view/16730-exam-professional-data-engineer-topic-1-question-17/,True
Question #: 18,https://www.examtopics.com/discussions/google/view/16654-exam-professional-data-engineer-topic-1-question-18/,True
Question #: 19,https://www.examtopics.com/discussions/google/view/16870-exam-professional-data-engineer-topic-1-question-19/,True
Question #: 20,https://www.examtopics.com/discussions/google/view/16282-exam-professional-data-engineer-topic-1-question-20/,True
Question #: 21,https://www.examtopics.com/discussions/google/view/16929-exam-professional-data-engineer-topic-1-question-21/,True
Question #: 22,https://www.examtopics.com/discussions/google/view/16624-exam-professional-data-engineer-topic-1-question-22/,True
Question #: 23,https://www.examtopics.com/discussions/google/view/16931-exam-professional-data-engineer-topic-1-question-23/,True
Question #: 24,https://www.examtopics.com/discussions/google/view/16285-exam-professional-data-engineer-topic-1-question-24/,True
Question #: 25,https://www.examtopics.com/discussions/google/view/16286-exam-professional-data-engineer-topic-1-question-25/,True
Question #: 26,https://www.examtopics.com/discussions/google/view/16288-exam-professional-data-engineer-topic-1-question-26/,True
Question #: 27,https://www.examtopics.com/discussions/google/view/16969-exam-professional-data-engineer-topic-1-question-27/,True
Question #: 28,https://www.examtopics.com/discussions/google/view/79388-exam-professional-data-engineer-topic-1-question-28/,True
Question #: 29,https://www.examtopics.com/discussions/google/view/17029-exam-professional-data-engineer-topic-1-question-29/,True
Question #: 30,https://www.examtopics.com/discussions/google/view/16655-exam-professional-data-engineer-topic-1-question-30/,True
Question #: 31,https://www.examtopics.com/discussions/google/view/17051-exam-professional-data-engineer-topic-1-question-31/,True
Question #: 32,https://www.examtopics.com/discussions/google/view/17052-exam-professional-data-engineer-topic-1-question-32/,True
Question #: 33,https://www.examtopics.com/discussions/google/view/17054-exam-professional-data-engineer-topic-1-question-33/,True
Question #: 34,https://www.examtopics.com/discussions/google/view/79622-exam-professional-data-engineer-topic-1-question-34/,True
Question #: 35,https://www.examtopics.com/discussions/google/view/16658-exam-professional-data-engineer-topic-1-question-35/,True
Question #: 36,https://www.examtopics.com/discussions/google/view/17058-exam-professional-data-engineer-topic-1-question-36/,True
Question #: 37,https://www.examtopics.com/discussions/google/view/17059-exam-professional-data-engineer-topic-1-question-37/,True
Question #: 38,https://www.examtopics.com/discussions/google/view/16657-exam-professional-data-engineer-topic-1-question-38/,True
Question #: 39,https://www.examtopics.com/discussions/google/view/17075-exam-professional-data-engineer-topic-1-question-39/,True
Question #: 40,https://www.examtopics.com/discussions/google/view/17076-exam-professional-data-engineer-topic-1-question-40/,True
Question #: 41,https://www.examtopics.com/discussions/google/view/16659-exam-professional-data-engineer-topic-1-question-41/,True
Question #: 42,https://www.examtopics.com/discussions/google/view/16660-exam-professional-data-engineer-topic-1-question-42/,True
Question #: 43,https://www.examtopics.com/discussions/google/view/16819-exam-professional-data-engineer-topic-1-question-43/,True
Question #: 44,https://www.examtopics.com/discussions/google/view/79762-exam-professional-data-engineer-topic-1-question-44/,True
Question #: 45,https://www.examtopics.com/discussions/google/view/17080-exam-professional-data-engineer-topic-1-question-45/,True
Question #: 46,https://www.examtopics.com/discussions/google/view/16253-exam-professional-data-engineer-topic-1-question-46/,True
Question #: 47,https://www.examtopics.com/discussions/google/view/16820-exam-professional-data-engineer-topic-1-question-47/,True
Question #: 48,https://www.examtopics.com/discussions/google/view/17082-exam-professional-data-engineer-topic-1-question-48/,True
Question #: 49,https://www.examtopics.com/discussions/google/view/17083-exam-professional-data-engineer-topic-1-question-49/,True
Question #: 50,https://www.examtopics.com/discussions/google/view/16661-exam-professional-data-engineer-topic-1-question-50/,True
Question #: 51,https://www.examtopics.com/discussions/google/view/16468-exam-professional-data-engineer-topic-1-question-51/,True
Question #: 52,https://www.examtopics.com/discussions/google/view/16822-exam-professional-data-engineer-topic-1-question-52/,True
Question #: 53,https://www.examtopics.com/discussions/google/view/17085-exam-professional-data-engineer-topic-1-question-53/,True
Question #: 54,https://www.examtopics.com/discussions/google/view/16670-exam-professional-data-engineer-topic-1-question-54/,True
Question #: 55,https://www.examtopics.com/discussions/google/view/16669-exam-professional-data-engineer-topic-1-question-55/,True
Question #: 56,https://www.examtopics.com/discussions/google/view/82857-exam-professional-data-engineer-topic-1-question-56/,True
Question #: 57,https://www.examtopics.com/discussions/google/view/16673-exam-professional-data-engineer-topic-1-question-57/,True
Question #: 58,https://www.examtopics.com/discussions/google/view/17090-exam-professional-data-engineer-topic-1-question-58/,True
Question #: 59,https://www.examtopics.com/discussions/google/view/80950-exam-professional-data-engineer-topic-1-question-59/,True
Question #: 60,https://www.examtopics.com/discussions/google/view/17096-exam-professional-data-engineer-topic-1-question-60/,True
Question #: 61,https://www.examtopics.com/discussions/google/view/16747-exam-professional-data-engineer-topic-1-question-61/,True
Question #: 62,https://www.examtopics.com/discussions/google/view/17104-exam-professional-data-engineer-topic-1-question-62/,True
Question #: 63,https://www.examtopics.com/discussions/google/view/16745-exam-professional-data-engineer-topic-1-question-63/,True
Question #: 64,https://www.examtopics.com/discussions/google/view/17105-exam-professional-data-engineer-topic-1-question-64/,True
Question #: 65,https://www.examtopics.com/discussions/google/view/16476-exam-professional-data-engineer-topic-1-question-65/,True
Question #: 66,https://www.examtopics.com/discussions/google/view/17109-exam-professional-data-engineer-topic-1-question-66/,True
Question #: 67,https://www.examtopics.com/discussions/google/view/17110-exam-professional-data-engineer-topic-1-question-67/,True
Question #: 68,https://www.examtopics.com/discussions/google/view/16478-exam-professional-data-engineer-topic-1-question-68/,True
Question #: 69,https://www.examtopics.com/discussions/google/view/16072-exam-professional-data-engineer-topic-1-question-69/,True
Question #: 70,https://www.examtopics.com/discussions/google/view/16631-exam-professional-data-engineer-topic-1-question-70/,True
Question #: 71,https://www.examtopics.com/discussions/google/view/17111-exam-professional-data-engineer-topic-1-question-71/,True
Question #: 72,https://www.examtopics.com/discussions/google/view/16832-exam-professional-data-engineer-topic-1-question-72/,True
Question #: 73,https://www.examtopics.com/discussions/google/view/17112-exam-professional-data-engineer-topic-1-question-73/,True
Question #: 74,https://www.examtopics.com/discussions/google/view/79320-exam-professional-data-engineer-topic-1-question-74/,True
Question #: 75,https://www.examtopics.com/discussions/google/view/79767-exam-professional-data-engineer-topic-1-question-75/,True
Question #: 76,https://www.examtopics.com/discussions/google/view/17114-exam-professional-data-engineer-topic-1-question-76/,True
Question #: 77,https://www.examtopics.com/discussions/google/view/79343-exam-professional-data-engineer-topic-1-question-77/,True
Question #: 78,https://www.examtopics.com/discussions/google/view/17115-exam-professional-data-engineer-topic-1-question-78/,True
Question #: 79,https://www.examtopics.com/discussions/google/view/17118-exam-professional-data-engineer-topic-1-question-79/,True
Question #: 80,https://www.examtopics.com/discussions/google/view/17119-exam-professional-data-engineer-topic-1-question-80/,True
Question #: 81,https://www.examtopics.com/discussions/google/view/17264-exam-professional-data-engineer-topic-1-question-81/,True
Question #: 82,https://www.examtopics.com/discussions/google/view/17263-exam-professional-data-engineer-topic-1-question-82/,True
Question #: 83,https://www.examtopics.com/discussions/google/view/17262-exam-professional-data-engineer-topic-1-question-83/,True
Question #: 84,https://www.examtopics.com/discussions/google/view/16835-exam-professional-data-engineer-topic-1-question-84/,True
Question #: 85,https://www.examtopics.com/discussions/google/view/83115-exam-professional-data-engineer-topic-1-question-85/,True
Question #: 86,https://www.examtopics.com/discussions/google/view/17173-exam-professional-data-engineer-topic-1-question-86/,True
Question #: 87,https://www.examtopics.com/discussions/google/view/16572-exam-professional-data-engineer-topic-1-question-87/,True
Question #: 88,https://www.examtopics.com/discussions/google/view/79771-exam-professional-data-engineer-topic-1-question-88/,True
Question #: 89,https://www.examtopics.com/discussions/google/view/79337-exam-professional-data-engineer-topic-1-question-89/,True
Question #: 90,https://www.examtopics.com/discussions/google/view/17260-exam-professional-data-engineer-topic-1-question-90/,True
Question #: 91,https://www.examtopics.com/discussions/google/view/17256-exam-professional-data-engineer-topic-1-question-91/,True
Question #: 92,https://www.examtopics.com/discussions/google/view/17257-exam-professional-data-engineer-topic-1-question-92/,True
Question #: 93,https://www.examtopics.com/discussions/google/view/79773-exam-professional-data-engineer-topic-1-question-93/,True
Question #: 94,https://www.examtopics.com/discussions/google/view/16841-exam-professional-data-engineer-topic-1-question-94/,True
Question #: 95,https://www.examtopics.com/discussions/google/view/16842-exam-professional-data-engineer-topic-1-question-95/,True
Question #: 96,https://www.examtopics.com/discussions/google/view/16843-exam-professional-data-engineer-topic-1-question-96/,True
Question #: 97,https://www.examtopics.com/discussions/google/view/16109-exam-professional-data-engineer-topic-1-question-97/,True
Question #: 98,https://www.examtopics.com/discussions/google/view/17255-exam-professional-data-engineer-topic-1-question-98/,True
Question #: 99,https://www.examtopics.com/discussions/google/view/16845-exam-professional-data-engineer-topic-1-question-99/,True
Question #: 100,https://www.examtopics.com/discussions/google/view/16982-exam-professional-data-engineer-topic-1-question-100/,True
Question #: 101,https://www.examtopics.com/discussions/google/view/17204-exam-professional-data-engineer-topic-1-question-101/,True
Question #: 102,https://www.examtopics.com/discussions/google/view/17205-exam-professional-data-engineer-topic-1-question-102/,True
Question #: 103,https://www.examtopics.com/discussions/google/view/79775-exam-professional-data-engineer-topic-1-question-103/,True
Question #: 104,https://www.examtopics.com/discussions/google/view/79318-exam-professional-data-engineer-topic-1-question-104/,True
Question #: 105,https://www.examtopics.com/discussions/google/view/79319-exam-professional-data-engineer-topic-1-question-105/,True
Question #: 106,https://www.examtopics.com/discussions/google/view/79777-exam-professional-data-engineer-topic-1-question-106/,True
Question #: 107,https://www.examtopics.com/discussions/google/view/79778-exam-professional-data-engineer-topic-1-question-107/,True
Question #: 108,https://www.examtopics.com/discussions/google/view/17209-exam-professional-data-engineer-topic-1-question-108/,True
Question #: 109,https://www.examtopics.com/discussions/google/view/79780-exam-professional-data-engineer-topic-1-question-109/,True
Question #: 110,https://www.examtopics.com/discussions/google/view/17252-exam-professional-data-engineer-topic-1-question-110/,True
Question #: 111,https://www.examtopics.com/discussions/google/view/17248-exam-professional-data-engineer-topic-1-question-111/,True
Question #: 112,https://www.examtopics.com/discussions/google/view/17249-exam-professional-data-engineer-topic-1-question-112/,True
Question #: 113,https://www.examtopics.com/discussions/google/view/16856-exam-professional-data-engineer-topic-1-question-113/,True
Question #: 114,https://www.examtopics.com/discussions/google/view/16628-exam-professional-data-engineer-topic-1-question-114/,True
Question #: 115,https://www.examtopics.com/discussions/google/view/79459-exam-professional-data-engineer-topic-1-question-115/,True
Question #: 116,https://www.examtopics.com/discussions/google/view/79672-exam-professional-data-engineer-topic-1-question-116/,True
Question #: 117,https://www.examtopics.com/discussions/google/view/16629-exam-professional-data-engineer-topic-1-question-117/,True
Question #: 118,https://www.examtopics.com/discussions/google/view/79462-exam-professional-data-engineer-topic-1-question-118/,True
Question #: 119,https://www.examtopics.com/discussions/google/view/17244-exam-professional-data-engineer-topic-1-question-119/,True
Question #: 120,https://www.examtopics.com/discussions/google/view/17245-exam-professional-data-engineer-topic-1-question-120/,True
Question #: 121,https://www.examtopics.com/discussions/google/view/17240-exam-professional-data-engineer-topic-1-question-121/,True
Question #: 122,https://www.examtopics.com/discussions/google/view/16858-exam-professional-data-engineer-topic-1-question-122/,True
Question #: 123,https://www.examtopics.com/discussions/google/view/17023-exam-professional-data-engineer-topic-1-question-123/,True
Question #: 124,https://www.examtopics.com/discussions/google/view/81264-exam-professional-data-engineer-topic-1-question-124/,True
Question #: 125,https://www.examtopics.com/discussions/google/view/17243-exam-professional-data-engineer-topic-1-question-125/,True
Question #: 126,https://www.examtopics.com/discussions/google/view/17235-exam-professional-data-engineer-topic-1-question-126/,True
Question #: 127,https://www.examtopics.com/discussions/google/view/17236-exam-professional-data-engineer-topic-1-question-127/,True
Question #: 128,https://www.examtopics.com/discussions/google/view/17238-exam-professional-data-engineer-topic-1-question-128/,True
Question #: 129,https://www.examtopics.com/discussions/google/view/17239-exam-professional-data-engineer-topic-1-question-129/,True
Question #: 130,https://www.examtopics.com/discussions/google/view/16667-exam-professional-data-engineer-topic-1-question-130/,True
Question #: 131,https://www.examtopics.com/discussions/google/view/17231-exam-professional-data-engineer-topic-1-question-131/,True
Question #: 132,https://www.examtopics.com/discussions/google/view/17232-exam-professional-data-engineer-topic-1-question-132/,True
Question #: 133,https://www.examtopics.com/discussions/google/view/17019-exam-professional-data-engineer-topic-1-question-133/,True
Question #: 134,https://www.examtopics.com/discussions/google/view/17233-exam-professional-data-engineer-topic-1-question-134/,True
Question #: 135,https://www.examtopics.com/discussions/google/view/17234-exam-professional-data-engineer-topic-1-question-135/,True
Question #: 136,https://www.examtopics.com/discussions/google/view/16932-exam-professional-data-engineer-topic-1-question-136/,True
Question #: 137,https://www.examtopics.com/discussions/google/view/79674-exam-professional-data-engineer-topic-1-question-137/,True
Question #: 138,https://www.examtopics.com/discussions/google/view/79675-exam-professional-data-engineer-topic-1-question-138/,True
Question #: 139,https://www.examtopics.com/discussions/google/view/79676-exam-professional-data-engineer-topic-1-question-139/,True
Question #: 140,https://www.examtopics.com/discussions/google/view/80270-exam-professional-data-engineer-topic-1-question-140/,True
Question #: 141,https://www.examtopics.com/discussions/google/view/17225-exam-professional-data-engineer-topic-1-question-141/,True
Question #: 142,https://www.examtopics.com/discussions/google/view/81914-exam-professional-data-engineer-topic-1-question-142/,True
Question #: 143,https://www.examtopics.com/discussions/google/view/79678-exam-professional-data-engineer-topic-1-question-143/,True
Question #: 144,https://www.examtopics.com/discussions/google/view/17228-exam-professional-data-engineer-topic-1-question-144/,True
Question #: 145,https://www.examtopics.com/discussions/google/view/16674-exam-professional-data-engineer-topic-1-question-145/,True
Question #: 146,https://www.examtopics.com/discussions/google/view/17224-exam-professional-data-engineer-topic-1-question-146/,True
Question #: 147,https://www.examtopics.com/discussions/google/view/16675-exam-professional-data-engineer-topic-1-question-147/,True
Question #: 148,https://www.examtopics.com/discussions/google/view/16677-exam-professional-data-engineer-topic-1-question-148/,True
Question #: 149,https://www.examtopics.com/discussions/google/view/16678-exam-professional-data-engineer-topic-1-question-149/,True
Question #: 150,https://www.examtopics.com/discussions/google/view/16868-exam-professional-data-engineer-topic-1-question-150/,True
Question #: 151,https://www.examtopics.com/discussions/google/view/79680-exam-professional-data-engineer-topic-1-question-151/,True
Question #: 152,https://www.examtopics.com/discussions/google/view/17216-exam-professional-data-engineer-topic-1-question-152/,True
Question #: 153,https://www.examtopics.com/discussions/google/view/17218-exam-professional-data-engineer-topic-1-question-153/,True
Question #: 154,https://www.examtopics.com/discussions/google/view/16688-exam-professional-data-engineer-topic-1-question-154/,True
Question #: 155,https://www.examtopics.com/discussions/google/view/80517-exam-professional-data-engineer-topic-1-question-155/,True
Question #: 156,https://www.examtopics.com/discussions/google/view/17211-exam-professional-data-engineer-topic-1-question-156/,True
Question #: 157,https://www.examtopics.com/discussions/google/view/17212-exam-professional-data-engineer-topic-1-question-157/,True
Question #: 158,https://www.examtopics.com/discussions/google/view/16899-exam-professional-data-engineer-topic-1-question-158/,True
Question #: 159,https://www.examtopics.com/discussions/google/view/17213-exam-professional-data-engineer-topic-1-question-159/,True
Question #: 160,https://www.examtopics.com/discussions/google/view/17214-exam-professional-data-engineer-topic-1-question-160/,True
Question #: 161,https://www.examtopics.com/discussions/google/view/16689-exam-professional-data-engineer-topic-1-question-161/,True
Question #: 162,https://www.examtopics.com/discussions/google/view/16902-exam-professional-data-engineer-topic-1-question-162/,True
Question #: 163,https://www.examtopics.com/discussions/google/view/79472-exam-professional-data-engineer-topic-1-question-163/,True
Question #: 164,https://www.examtopics.com/discussions/google/view/79478-exam-professional-data-engineer-topic-1-question-164/,True
Question #: 165,https://www.examtopics.com/discussions/google/view/79627-exam-professional-data-engineer-topic-1-question-165/,True
Question #: 166,https://www.examtopics.com/discussions/google/view/80145-exam-professional-data-engineer-topic-1-question-166/,True
Question #: 167,https://www.examtopics.com/discussions/google/view/79492-exam-professional-data-engineer-topic-1-question-167/,True
Question #: 168,https://www.examtopics.com/discussions/google/view/79494-exam-professional-data-engineer-topic-1-question-168/,True
Question #: 169,https://www.examtopics.com/discussions/google/view/79685-exam-professional-data-engineer-topic-1-question-169/,True
Question #: 170,https://www.examtopics.com/discussions/google/view/79515-exam-professional-data-engineer-topic-1-question-170/,True
Question #: 171,https://www.examtopics.com/discussions/google/view/79520-exam-professional-data-engineer-topic-1-question-171/,True
Question #: 172,https://www.examtopics.com/discussions/google/view/79521-exam-professional-data-engineer-topic-1-question-172/,True
Question #: 173,https://www.examtopics.com/discussions/google/view/79524-exam-professional-data-engineer-topic-1-question-173/,True
Question #: 174,https://www.examtopics.com/discussions/google/view/80144-exam-professional-data-engineer-topic-1-question-174/,True
Question #: 175,https://www.examtopics.com/discussions/google/view/79498-exam-professional-data-engineer-topic-1-question-175/,True
Question #: 176,https://www.examtopics.com/discussions/google/view/79501-exam-professional-data-engineer-topic-1-question-176/,True
Question #: 177,https://www.examtopics.com/discussions/google/view/79540-exam-professional-data-engineer-topic-1-question-177/,True
Question #: 178,https://www.examtopics.com/discussions/google/view/79547-exam-professional-data-engineer-topic-1-question-178/,True
Question #: 179,https://www.examtopics.com/discussions/google/view/79550-exam-professional-data-engineer-topic-1-question-179/,True
Question #: 180,https://www.examtopics.com/discussions/google/view/79552-exam-professional-data-engineer-topic-1-question-180/,True
Question #: 181,https://www.examtopics.com/discussions/google/view/79924-exam-professional-data-engineer-topic-1-question-181/,True
Question #: 182,https://www.examtopics.com/discussions/google/view/79560-exam-professional-data-engineer-topic-1-question-182/,True
Question #: 183,https://www.examtopics.com/discussions/google/view/79580-exam-professional-data-engineer-topic-1-question-183/,True
Question #: 184,https://www.examtopics.com/discussions/google/view/79593-exam-professional-data-engineer-topic-1-question-184/,True
Question #: 185,https://www.examtopics.com/discussions/google/view/79599-exam-professional-data-engineer-topic-1-question-185/,True
Question #: 186,https://www.examtopics.com/discussions/google/view/79603-exam-professional-data-engineer-topic-1-question-186/,True
Question #: 187,https://www.examtopics.com/discussions/google/view/79604-exam-professional-data-engineer-topic-1-question-187/,True
Question #: 188,https://www.examtopics.com/discussions/google/view/79606-exam-professional-data-engineer-topic-1-question-188/,True
Question #: 189,https://www.examtopics.com/discussions/google/view/79608-exam-professional-data-engineer-topic-1-question-189/,True
Question #: 190,https://www.examtopics.com/discussions/google/view/79609-exam-professional-data-engineer-topic-1-question-190/,True
Question #: 191,https://www.examtopics.com/discussions/google/view/79643-exam-professional-data-engineer-topic-1-question-191/,True
Question #: 192,https://www.examtopics.com/discussions/google/view/79526-exam-professional-data-engineer-topic-1-question-192/,True
Question #: 193,https://www.examtopics.com/discussions/google/view/79644-exam-professional-data-engineer-topic-1-question-193/,True
Question #: 194,https://www.examtopics.com/discussions/google/view/79529-exam-professional-data-engineer-topic-1-question-194/,True
Question #: 195,https://www.examtopics.com/discussions/google/view/79645-exam-professional-data-engineer-topic-1-question-195/,True
Question #: 196,https://www.examtopics.com/discussions/google/view/79646-exam-professional-data-engineer-topic-1-question-196/,True
Question #: 197,https://www.examtopics.com/discussions/google/view/79647-exam-professional-data-engineer-topic-1-question-197/,True
Question #: 198,https://www.examtopics.com/discussions/google/view/79648-exam-professional-data-engineer-topic-1-question-198/,True
Question #: 199,https://www.examtopics.com/discussions/google/view/79649-exam-professional-data-engineer-topic-1-question-199/,True
Question #: 200,https://www.examtopics.com/discussions/google/view/79650-exam-professional-data-engineer-topic-1-question-200/,True
Question #: 201,https://www.examtopics.com/discussions/google/view/79651-exam-professional-data-engineer-topic-1-question-201/,True
Question #: 202,https://www.examtopics.com/discussions/google/view/79652-exam-professional-data-engineer-topic-1-question-202/,True
Question #: 203,https://www.examtopics.com/discussions/google/view/89246-exam-professional-data-engineer-topic-1-question-203/,True
Question #: 204,https://www.examtopics.com/discussions/google/view/89456-exam-professional-data-engineer-topic-1-question-204/,True
Question #: 205,https://www.examtopics.com/discussions/google/view/89458-exam-professional-data-engineer-topic-1-question-205/,True
Question #: 206,https://www.examtopics.com/discussions/google/view/129853-exam-professional-data-engineer-topic-1-question-206/,True
Question #: 207,https://www.examtopics.com/discussions/google/view/129854-exam-professional-data-engineer-topic-1-question-207/,True
Question #: 208,https://www.examtopics.com/discussions/google/view/129855-exam-professional-data-engineer-topic-1-question-208/,True
Question #: 209,https://www.examtopics.com/discussions/google/view/129856-exam-professional-data-engineer-topic-1-question-209/,True
Question #: 210,https://www.examtopics.com/discussions/google/view/129857-exam-professional-data-engineer-topic-1-question-210/,True
Question #: 211,https://www.examtopics.com/discussions/google/view/129858-exam-professional-data-engineer-topic-1-question-211/,True
Question #: 212,https://www.examtopics.com/discussions/google/view/129859-exam-professional-data-engineer-topic-1-question-212/,True
Question #: 213,https://www.examtopics.com/discussions/google/view/129860-exam-professional-data-engineer-topic-1-question-213/,True
Question #: 214,https://www.examtopics.com/discussions/google/view/129861-exam-professional-data-engineer-topic-1-question-214/,True
Question #: 215,https://www.examtopics.com/discussions/google/view/129862-exam-professional-data-engineer-topic-1-question-215/,True
Question #: 216,https://www.examtopics.com/discussions/google/view/129863-exam-professional-data-engineer-topic-1-question-216/,True
Question #: 217,https://www.examtopics.com/discussions/google/view/129864-exam-professional-data-engineer-topic-1-question-217/,True
Question #: 218,https://www.examtopics.com/discussions/google/view/129865-exam-professional-data-engineer-topic-1-question-218/,True
Question #: 219,https://www.examtopics.com/discussions/google/view/129866-exam-professional-data-engineer-topic-1-question-219/,True
Question #: 220,https://www.examtopics.com/discussions/google/view/129867-exam-professional-data-engineer-topic-1-question-220/,True
Question #: 221,https://www.examtopics.com/discussions/google/view/129868-exam-professional-data-engineer-topic-1-question-221/,True
Question #: 222,https://www.examtopics.com/discussions/google/view/129869-exam-professional-data-engineer-topic-1-question-222/,True
Question #: 223,https://www.examtopics.com/discussions/google/view/129870-exam-professional-data-engineer-topic-1-question-223/,True
Question #: 224,https://www.examtopics.com/discussions/google/view/129871-exam-professional-data-engineer-topic-1-question-224/,True
Question #: 225,https://www.examtopics.com/discussions/google/view/129872-exam-professional-data-engineer-topic-1-question-225/,True
Question #: 226,https://www.examtopics.com/discussions/google/view/129873-exam-professional-data-engineer-topic-1-question-226/,True
Question #: 227,https://www.examtopics.com/discussions/google/view/129874-exam-professional-data-engineer-topic-1-question-227/,True
Question #: 228,https://www.examtopics.com/discussions/google/view/129875-exam-professional-data-engineer-topic-1-question-228/,True
Question #: 229,https://www.examtopics.com/discussions/google/view/129876-exam-professional-data-engineer-topic-1-question-229/,True
Question #: 230,https://www.examtopics.com/discussions/google/view/130174-exam-professional-data-engineer-topic-1-question-230/,True
Question #: 231,https://www.examtopics.com/discussions/google/view/130340-exam-professional-data-engineer-topic-1-question-231/,True
Question #: 232,https://www.examtopics.com/discussions/google/view/130175-exam-professional-data-engineer-topic-1-question-232/,True
Question #: 233,https://www.examtopics.com/discussions/google/view/130176-exam-professional-data-engineer-topic-1-question-233/,True
Question #: 234,https://www.examtopics.com/discussions/google/view/130177-exam-professional-data-engineer-topic-1-question-234/,True
Question #: 235,https://www.examtopics.com/discussions/google/view/130178-exam-professional-data-engineer-topic-1-question-235/,True
Question #: 236,https://www.examtopics.com/discussions/google/view/130179-exam-professional-data-engineer-topic-1-question-236/,True
Question #: 237,https://www.examtopics.com/discussions/google/view/130180-exam-professional-data-engineer-topic-1-question-237/,True
Question #: 238,https://www.examtopics.com/discussions/google/view/130181-exam-professional-data-engineer-topic-1-question-238/,True
Question #: 239,https://www.examtopics.com/discussions/google/view/130182-exam-professional-data-engineer-topic-1-question-239/,True
Question #: 240,https://www.examtopics.com/discussions/google/view/130183-exam-professional-data-engineer-topic-1-question-240/,True
Question #: 241,https://www.examtopics.com/discussions/google/view/130184-exam-professional-data-engineer-topic-1-question-241/,True
Question #: 242,https://www.examtopics.com/discussions/google/view/130186-exam-professional-data-engineer-topic-1-question-242/,True
Question #: 243,https://www.examtopics.com/discussions/google/view/130349-exam-professional-data-engineer-topic-1-question-243/,True
Question #: 244,https://www.examtopics.com/discussions/google/view/129902-exam-professional-data-engineer-topic-1-question-244/,True
Question #: 245,https://www.examtopics.com/discussions/google/view/129901-exam-professional-data-engineer-topic-1-question-245/,True
Question #: 246,https://www.examtopics.com/discussions/google/view/130188-exam-professional-data-engineer-topic-1-question-246/,True
Question #: 247,https://www.examtopics.com/discussions/google/view/130189-exam-professional-data-engineer-topic-1-question-247/,True
Question #: 248,https://www.examtopics.com/discussions/google/view/130191-exam-professional-data-engineer-topic-1-question-248/,True
Question #: 249,https://www.examtopics.com/discussions/google/view/130353-exam-professional-data-engineer-topic-1-question-249/,True
Question #: 250,https://www.examtopics.com/discussions/google/view/130198-exam-professional-data-engineer-topic-1-question-250/,True
Question #: 251,https://www.examtopics.com/discussions/google/view/130202-exam-professional-data-engineer-topic-1-question-251/,True
Question #: 252,https://www.examtopics.com/discussions/google/view/130203-exam-professional-data-engineer-topic-1-question-252/,True
Question #: 253,https://www.examtopics.com/discussions/google/view/130204-exam-professional-data-engineer-topic-1-question-253/,True
Question #: 254,https://www.examtopics.com/discussions/google/view/130205-exam-professional-data-engineer-topic-1-question-254/,True
Question #: 255,https://www.examtopics.com/discussions/google/view/130206-exam-professional-data-engineer-topic-1-question-255/,True
Question #: 256,https://www.examtopics.com/discussions/google/view/130209-exam-professional-data-engineer-topic-1-question-256/,True
Question #: 257,https://www.examtopics.com/discussions/google/view/130210-exam-professional-data-engineer-topic-1-question-257/,True
Question #: 258,https://www.examtopics.com/discussions/google/view/130211-exam-professional-data-engineer-topic-1-question-258/,True
Question #: 259,https://www.examtopics.com/discussions/google/view/130212-exam-professional-data-engineer-topic-1-question-259/,True
Question #: 260,https://www.examtopics.com/discussions/google/view/130213-exam-professional-data-engineer-topic-1-question-260/,True
Question #: 261,https://www.examtopics.com/discussions/google/view/129906-exam-professional-data-engineer-topic-1-question-261/,True
Question #: 262,https://www.examtopics.com/discussions/google/view/130214-exam-professional-data-engineer-topic-1-question-262/,True
Question #: 263,https://www.examtopics.com/discussions/google/view/130215-exam-professional-data-engineer-topic-1-question-263/,True
Question #: 264,https://www.examtopics.com/discussions/google/view/130360-exam-professional-data-engineer-topic-1-question-264/,True
Question #: 265,https://www.examtopics.com/discussions/google/view/130361-exam-professional-data-engineer-topic-1-question-265/,True
Question #: 266,https://www.examtopics.com/discussions/google/view/130217-exam-professional-data-engineer-topic-1-question-266/,True
Question #: 267,https://www.examtopics.com/discussions/google/view/130218-exam-professional-data-engineer-topic-1-question-267/,True
Question #: 268,https://www.examtopics.com/discussions/google/view/130219-exam-professional-data-engineer-topic-1-question-268/,True
Question #: 269,https://www.examtopics.com/discussions/google/view/130424-exam-professional-data-engineer-topic-1-question-269/,True
Question #: 270,https://www.examtopics.com/discussions/google/view/130220-exam-professional-data-engineer-topic-1-question-270/,True
Question #: 271,https://www.examtopics.com/discussions/google/view/130427-exam-professional-data-engineer-topic-1-question-271/,True
Question #: 272,https://www.examtopics.com/discussions/google/view/130221-exam-professional-data-engineer-topic-1-question-272/,True
Question #: 273,https://www.examtopics.com/discussions/google/view/130514-exam-professional-data-engineer-topic-1-question-273/,True
Question #: 274,https://www.examtopics.com/discussions/google/view/130515-exam-professional-data-engineer-topic-1-question-274/,True
Question #: 275,https://www.examtopics.com/discussions/google/view/130517-exam-professional-data-engineer-topic-1-question-275/,True
Question #: 276,https://www.examtopics.com/discussions/google/view/130223-exam-professional-data-engineer-topic-1-question-276/,True
Question #: 277,https://www.examtopics.com/discussions/google/view/130262-exam-professional-data-engineer-topic-1-question-277/,True
Question #: 278,https://www.examtopics.com/discussions/google/view/130263-exam-professional-data-engineer-topic-1-question-278/,True
Question #: 279,https://www.examtopics.com/discussions/google/view/130264-exam-professional-data-engineer-topic-1-question-279/,True
Question #: 280,https://www.examtopics.com/discussions/google/view/130265-exam-professional-data-engineer-topic-1-question-280/,True
Question #: 281,https://www.examtopics.com/discussions/google/view/130269-exam-professional-data-engineer-topic-1-question-281/,True
Question #: 282,https://www.examtopics.com/discussions/google/view/130157-exam-professional-data-engineer-topic-1-question-282/,True
Question #: 283,https://www.examtopics.com/discussions/google/view/130510-exam-professional-data-engineer-topic-1-question-283/,True
Question #: 284,https://www.examtopics.com/discussions/google/view/130273-exam-professional-data-engineer-topic-1-question-284/,True
Question #: 285,https://www.examtopics.com/discussions/google/view/130511-exam-professional-data-engineer-topic-1-question-285/,True
Question #: 286,https://www.examtopics.com/discussions/google/view/130287-exam-professional-data-engineer-topic-1-question-286/,True
Question #: 287,https://www.examtopics.com/discussions/google/view/130289-exam-professional-data-engineer-topic-1-question-287/,True
Question #: 288,https://www.examtopics.com/discussions/google/view/130291-exam-professional-data-engineer-topic-1-question-288/,True
Question #: 289,https://www.examtopics.com/discussions/google/view/130292-exam-professional-data-engineer-topic-1-question-289/,True
Question #: 290,https://www.examtopics.com/discussions/google/view/130293-exam-professional-data-engineer-topic-1-question-290/,True
Question #: 291,https://www.examtopics.com/discussions/google/view/130296-exam-professional-data-engineer-topic-1-question-291/,True
Question #: 292,https://www.examtopics.com/discussions/google/view/130298-exam-professional-data-engineer-topic-1-question-292/,True
Question #: 293,https://www.examtopics.com/discussions/google/view/130301-exam-professional-data-engineer-topic-1-question-293/,True
Question #: 294,https://www.examtopics.com/discussions/google/view/130307-exam-professional-data-engineer-topic-1-question-294/,True
Question #: 295,https://www.examtopics.com/discussions/google/view/130309-exam-professional-data-engineer-topic-1-question-295/,True
Question #: 296,https://www.examtopics.com/discussions/google/view/129909-exam-professional-data-engineer-topic-1-question-296/,True
Question #: 297,https://www.examtopics.com/discussions/google/view/130313-exam-professional-data-engineer-topic-1-question-297/,True
Question #: 298,https://www.examtopics.com/discussions/google/view/129911-exam-professional-data-engineer-topic-1-question-298/,True
Question #: 299,https://www.examtopics.com/discussions/google/view/130328-exam-professional-data-engineer-topic-1-question-299/,True
Question #: 300,https://www.examtopics.com/discussions/google/view/130318-exam-professional-data-engineer-topic-1-question-300/,True
Question #: 301,https://www.examtopics.com/discussions/google/view/129913-exam-professional-data-engineer-topic-1-question-301/,True
Question #: 302,https://www.examtopics.com/discussions/google/view/130327-exam-professional-data-engineer-topic-1-question-302/,True
Question #: 303,https://www.examtopics.com/discussions/google/view/130326-exam-professional-data-engineer-topic-1-question-303/,True
Question #: 304,https://www.examtopics.com/discussions/google/view/130325-exam-professional-data-engineer-topic-1-question-304/,True
Question #: 305,https://www.examtopics.com/discussions/google/view/129916-exam-professional-data-engineer-topic-1-question-305/,True
Question #: 306,https://www.examtopics.com/discussions/google/view/130321-exam-professional-data-engineer-topic-1-question-306/,True
Question #: 307,https://www.examtopics.com/discussions/google/view/130320-exam-professional-data-engineer-topic-1-question-307/,True
Question #: 308,https://www.examtopics.com/discussions/google/view/130319-exam-professional-data-engineer-topic-1-question-308/,True
Question #: 309,https://www.examtopics.com/discussions/google/view/132182-exam-professional-data-engineer-topic-1-question-309/,True
Question #: 310,https://www.examtopics.com/discussions/google/view/132186-exam-professional-data-engineer-topic-1-question-310/,True
Question #: 311,https://www.examtopics.com/discussions/google/view/132198-exam-professional-data-engineer-topic-1-question-311/,True
Question #: 312,https://www.examtopics.com/discussions/google/view/153019-exam-professional-data-engineer-topic-1-question-312/,True
Question #: 313,https://www.examtopics.com/discussions/google/view/152659-exam-professional-data-engineer-topic-1-question-313/,True
Question #: 314,https://www.examtopics.com/discussions/google/view/153398-exam-professional-data-engineer-topic-1-question-314/,True
Question #: 315,https://www.examtopics.com/discussions/google/view/153020-exam-professional-data-engineer-topic-1-question-315/,True
Question #: 316,https://www.examtopics.com/discussions/google/view/153174-exam-professional-data-engineer-topic-1-question-316/,True
Question #: 317,https://www.examtopics.com/discussions/google/view/152975-exam-professional-data-engineer-topic-1-question-317/,True
Question #: 318,https://www.examtopics.com/discussions/google/view/152516-exam-professional-data-engineer-topic-1-question-318/,True
Question #: 319,https://www.examtopics.com/discussions/google/view/152515-exam-professional-data-engineer-topic-1-question-319/,True
