Pregunta,URL,Scraping
Question #: 1,https://www.examtopics.com/discussions/microsoft/view/62815-exam-az-900-topic-1-question-1-discussion/,True
Question #: 2,https://www.examtopics.com/discussions/microsoft/view/56934-exam-az-900-topic-1-question-2-discussion/,True
Question #: 3,https://www.examtopics.com/discussions/microsoft/view/56418-exam-az-900-topic-1-question-3-discussion/,True
Question #: 4,https://www.examtopics.com/discussions/microsoft/view/56881-exam-az-900-topic-1-question-4-discussion/,True
Question #: 5,https://www.examtopics.com/discussions/microsoft/view/56882-exam-az-900-topic-1-question-5-discussion/,True
Question #: 6,https://www.examtopics.com/discussions/microsoft/view/56559-exam-az-900-topic-1-question-6-discussion/,True
Question #: 7,https://www.examtopics.com/discussions/microsoft/view/56422-exam-az-900-topic-1-question-7-discussion/,True
Question #: 8,https://www.examtopics.com/discussions/microsoft/view/56761-exam-az-900-topic-1-question-8-discussion/,True
Question #: 9,https://www.examtopics.com/discussions/microsoft/view/62985-exam-az-900-topic-1-question-9-discussion/,True
Question #: 10,https://www.examtopics.com/discussions/microsoft/view/56453-exam-az-900-topic-1-question-10-discussion/,True
Question #: 11,https://www.examtopics.com/discussions/microsoft/view/56624-exam-az-900-topic-1-question-11-discussion/,True
Question #: 12,https://www.examtopics.com/discussions/microsoft/view/56625-exam-az-900-topic-1-question-12-discussion/,True
Question #: 13,https://www.examtopics.com/discussions/microsoft/view/56627-exam-az-900-topic-1-question-13-discussion/,True
Question #: 14,https://www.examtopics.com/discussions/microsoft/view/56918-exam-az-900-topic-1-question-14-discussion/,True
Question #: 15,https://www.examtopics.com/discussions/microsoft/view/56888-exam-az-900-topic-1-question-15-discussion/,True
Question #: 16,https://www.examtopics.com/discussions/microsoft/view/56892-exam-az-900-topic-1-question-16-discussion/,True
Question #: 17,https://www.examtopics.com/discussions/microsoft/view/56306-exam-az-900-topic-1-question-17-discussion/,True
Question #: 18,https://www.examtopics.com/discussions/microsoft/view/56893-exam-az-900-topic-1-question-18-discussion/,True
Question #: 19,https://www.examtopics.com/discussions/microsoft/view/56634-exam-az-900-topic-1-question-19-discussion/,True
Question #: 20,https://www.examtopics.com/discussions/microsoft/view/56636-exam-az-900-topic-1-question-20-discussion/,True
Question #: 21,https://www.examtopics.com/discussions/microsoft/view/56635-exam-az-900-topic-1-question-21-discussion/,True
Question #: 22,https://www.examtopics.com/discussions/microsoft/view/56637-exam-az-900-topic-1-question-22-discussion/,True
Question #: 23,https://www.examtopics.com/discussions/microsoft/view/56899-exam-az-900-topic-1-question-23-discussion/,True
Question #: 24,https://www.examtopics.com/discussions/microsoft/view/56826-exam-az-900-topic-1-question-24-discussion/,True
Question #: 25,https://www.examtopics.com/discussions/microsoft/view/56641-exam-az-900-topic-1-question-25-discussion/,True
Question #: 26,https://www.examtopics.com/discussions/microsoft/view/56643-exam-az-900-topic-1-question-26-discussion/,True
Question #: 27,https://www.examtopics.com/discussions/microsoft/view/62797-exam-az-900-topic-1-question-27-discussion/,True
Question #: 28,https://www.examtopics.com/discussions/microsoft/view/62807-exam-az-900-topic-1-question-28-discussion/,True
Question #: 29,https://www.examtopics.com/discussions/microsoft/view/56650-exam-az-900-topic-1-question-29-discussion/,True
Question #: 30,https://www.examtopics.com/discussions/microsoft/view/56651-exam-az-900-topic-1-question-30-discussion/,True
Question #: 31,https://www.examtopics.com/discussions/microsoft/view/56915-exam-az-900-topic-1-question-31-discussion/,True
Question #: 32,https://www.examtopics.com/discussions/microsoft/view/56358-exam-az-900-topic-1-question-32-discussion/,True
Question #: 33,https://www.examtopics.com/discussions/microsoft/view/56317-exam-az-900-topic-1-question-33-discussion/,True
Question #: 34,https://www.examtopics.com/discussions/microsoft/view/8931-exam-az-900-topic-1-question-34-discussion/,True
Question #: 35,https://www.examtopics.com/discussions/microsoft/view/9153-exam-az-900-topic-1-question-35-discussion/,True
Question #: 36,https://www.examtopics.com/discussions/microsoft/view/43997-exam-az-900-topic-1-question-36-discussion/,True
Question #: 37,https://www.examtopics.com/discussions/microsoft/view/5731-exam-az-900-topic-1-question-37-discussion/,True
Question #: 38,https://www.examtopics.com/discussions/microsoft/view/44356-exam-az-900-topic-1-question-38-discussion/,True
Question #: 39,https://www.examtopics.com/discussions/microsoft/view/5733-exam-az-900-topic-1-question-39-discussion/,True
Question #: 40,https://www.examtopics.com/discussions/microsoft/view/44357-exam-az-900-topic-1-question-40-discussion/,True
Question #: 41,https://www.examtopics.com/discussions/microsoft/view/44358-exam-az-900-topic-1-question-41-discussion/,True
Question #: 42,https://www.examtopics.com/discussions/microsoft/view/44823-exam-az-900-topic-1-question-42-discussion/,True
Question #: 43,https://www.examtopics.com/discussions/microsoft/view/44053-exam-az-900-topic-1-question-43-discussion/,True
Question #: 44,https://www.examtopics.com/discussions/microsoft/view/5737-exam-az-900-topic-1-question-44-discussion/,True
Question #: 45,https://www.examtopics.com/discussions/microsoft/view/5062-exam-az-900-topic-1-question-45-discussion/,True
Question #: 46,https://www.examtopics.com/discussions/microsoft/view/9155-exam-az-900-topic-1-question-46-discussion/,True
Question #: 47,https://www.examtopics.com/discussions/microsoft/view/5738-exam-az-900-topic-1-question-47-discussion/,True
Question #: 48,https://www.examtopics.com/discussions/microsoft/view/9147-exam-az-900-topic-1-question-48-discussion/,True
Question #: 49,https://www.examtopics.com/discussions/microsoft/view/45659-exam-az-900-topic-1-question-49-discussion/,True
Question #: 50,https://www.examtopics.com/discussions/microsoft/view/44018-exam-az-900-topic-1-question-50-discussion/,True
Question #: 51,https://www.examtopics.com/discussions/microsoft/view/47158-exam-az-900-topic-1-question-51-discussion/,True
Question #: 52,https://www.examtopics.com/discussions/microsoft/view/122824-exam-az-900-topic-1-question-52-discussion/,True
Question #: 53,https://www.examtopics.com/discussions/microsoft/view/9591-exam-az-900-topic-1-question-53-discussion/,True
Question #: 54,https://www.examtopics.com/discussions/microsoft/view/44535-exam-az-900-topic-1-question-54-discussion/,True
Question #: 55,https://www.examtopics.com/discussions/microsoft/view/44148-exam-az-900-topic-1-question-55-discussion/,True
Question #: 56,https://www.examtopics.com/discussions/microsoft/view/46420-exam-az-900-topic-1-question-56-discussion/,True
Question #: 57,https://www.examtopics.com/discussions/microsoft/view/62811-exam-az-900-topic-1-question-57-discussion/,True
Question #: 58,https://www.examtopics.com/discussions/microsoft/view/53855-exam-az-900-topic-1-question-58-discussion/,True
Question #: 59,https://www.examtopics.com/discussions/microsoft/view/15451-exam-az-900-topic-1-question-59-discussion/,True
Question #: 60,https://www.examtopics.com/discussions/microsoft/view/46487-exam-az-900-topic-1-question-60-discussion/,True
Question #: 61,https://www.examtopics.com/discussions/microsoft/view/47470-exam-az-900-topic-1-question-61-discussion/,True
Question #: 62,https://www.examtopics.com/discussions/microsoft/view/44411-exam-az-900-topic-1-question-62-discussion/,True
Question #: 63,https://www.examtopics.com/discussions/microsoft/view/46760-exam-az-900-topic-1-question-63-discussion/,True
Question #: 64,https://www.examtopics.com/discussions/microsoft/view/44583-exam-az-900-topic-1-question-64-discussion/,True
Question #: 65,https://www.examtopics.com/discussions/microsoft/view/44339-exam-az-900-topic-1-question-65-discussion/,True
Question #: 66,https://www.examtopics.com/discussions/microsoft/view/20442-exam-az-900-topic-1-question-66-discussion/,True
Question #: 67,https://www.examtopics.com/discussions/microsoft/view/47673-exam-az-900-topic-1-question-67-discussion/,True
Question #: 68,https://www.examtopics.com/discussions/microsoft/view/45120-exam-az-900-topic-1-question-68-discussion/,True
Question #: 69,https://www.examtopics.com/discussions/microsoft/view/82151-exam-ai-900-topic-1-question-69-discussion/,True
Question #: 70,https://www.examtopics.com/discussions/microsoft/view/51428-exam-az-900-topic-1-question-70-discussion/,True
Question #: 71,https://www.examtopics.com/discussions/microsoft/view/53847-exam-az-900-topic-1-question-71-discussion/,True
Question #: 72,https://www.examtopics.com/discussions/microsoft/view/121213-exam-az-900-topic-1-question-72-discussion/,True
Question #: 73,https://www.examtopics.com/discussions/microsoft/view/53938-exam-az-900-topic-1-question-73-discussion/,True
Question #: 74,https://www.examtopics.com/discussions/microsoft/view/61114-exam-az-900-topic-1-question-74-discussion/,True
Question #: 76,https://www.examtopics.com/discussions/microsoft/view/61344-exam-az-900-topic-1-question-76-discussion/,True
Question #: 77,https://www.examtopics.com/discussions/microsoft/view/62998-exam-az-900-topic-1-question-77-discussion/,True
Question #: 78,https://www.examtopics.com/discussions/microsoft/view/68980-exam-az-900-topic-1-question-78-discussion/,True
Question #: 79,https://www.examtopics.com/discussions/microsoft/view/79523-exam-az-900-topic-1-question-79-discussion/,True
Question #: 80,https://www.examtopics.com/discussions/microsoft/view/81510-exam-az-900-topic-1-question-80-discussion/,True
Question #: 81,https://www.examtopics.com/discussions/microsoft/view/78358-exam-az-900-topic-1-question-81-discussion/,True
Question #: 82,https://www.examtopics.com/discussions/microsoft/view/78398-exam-az-900-topic-1-question-82-discussion/,True
Question #: 83,https://www.examtopics.com/discussions/microsoft/view/78464-exam-az-900-topic-1-question-83-discussion/,True
Question #: 84,https://www.examtopics.com/discussions/microsoft/view/80308-exam-az-900-topic-1-question-84-discussion/,True
Question #: 85,https://www.examtopics.com/discussions/microsoft/view/78624-exam-az-900-topic-1-question-85-discussion/,True
Question #: 86,https://www.examtopics.com/discussions/microsoft/view/80048-exam-az-900-topic-1-question-86-discussion/,True
Question #: 87,https://www.examtopics.com/discussions/microsoft/view/80244-exam-az-900-topic-1-question-87-discussion/,True
Question #: 88,https://www.examtopics.com/discussions/microsoft/view/83342-exam-az-900-topic-1-question-88-discussion/,True
Question #: 89,https://www.examtopics.com/discussions/microsoft/view/61583-exam-sc-900-topic-1-question-89-discussion/,True
Question #: 90,https://www.examtopics.com/discussions/microsoft/view/79401-exam-az-900-topic-1-question-90-discussion/,True
Question #: 91,https://www.examtopics.com/discussions/microsoft/view/78399-exam-az-900-topic-1-question-91-discussion/,True
Question #: 92,https://www.examtopics.com/discussions/microsoft/view/78787-exam-az-900-topic-1-question-92-discussion/,True
Question #: 93,https://www.examtopics.com/discussions/microsoft/view/82618-exam-az-900-topic-1-question-93-discussion/,True
Question #: 95,https://www.examtopics.com/discussions/microsoft/view/78779-exam-az-900-topic-1-question-95-discussion/,True
Question #: 96,https://www.examtopics.com/discussions/microsoft/view/11601-exam-az-900-topic-1-question-96-discussion/,True
Question #: 97,https://www.examtopics.com/discussions/microsoft/view/61122-exam-az-900-topic-1-question-97-discussion/,True
Question #: 98,https://www.examtopics.com/discussions/microsoft/view/9953-exam-az-900-topic-1-question-98-discussion/,True
Question #: 99,https://www.examtopics.com/discussions/microsoft/view/45536-exam-az-900-topic-1-question-99-discussion/,True
Question #: 100,https://www.examtopics.com/discussions/microsoft/view/44003-exam-az-900-topic-1-question-100-discussion/,True
Question #: 101,https://www.examtopics.com/discussions/microsoft/view/7698-exam-az-900-topic-1-question-101-discussion/,True
Question #: 102,https://www.examtopics.com/discussions/microsoft/view/20073-exam-az-900-topic-1-question-102-discussion/,True
Question #: 103,https://www.examtopics.com/discussions/microsoft/view/45977-exam-az-900-topic-1-question-103-discussion/,True
Question #: 104,https://www.examtopics.com/discussions/microsoft/view/47988-exam-az-900-topic-1-question-104-discussion/,True
Question #: 105,https://www.examtopics.com/discussions/microsoft/view/7785-exam-az-900-topic-1-question-105-discussion/,True
Question #: 107,https://www.examtopics.com/discussions/microsoft/view/7995-exam-az-900-topic-1-question-107-discussion/,True
Question #: 108,https://www.examtopics.com/discussions/microsoft/view/47314-exam-az-900-topic-1-question-108-discussion/,True
Question #: 109,https://www.examtopics.com/discussions/microsoft/view/44750-exam-az-900-topic-1-question-109-discussion/,True
Question #: 110,https://www.examtopics.com/discussions/microsoft/view/11144-exam-az-900-topic-1-question-110-discussion/,True
Question #: 111,https://www.examtopics.com/discussions/microsoft/view/3205-exam-az-900-topic-1-question-111-discussion/,True
Question #: 112,https://www.examtopics.com/discussions/microsoft/view/44752-exam-az-900-topic-1-question-112-discussion/,True
Question #: 121,https://www.examtopics.com/discussions/microsoft/view/44258-exam-az-900-topic-1-question-121-discussion/,True
Question #: 122,https://www.examtopics.com/discussions/microsoft/view/4466-exam-az-900-topic-1-question-122-discussion/,True
Question #: 123,https://www.examtopics.com/discussions/microsoft/view/51304-exam-az-900-topic-1-question-123-discussion/,True
Question #: 124,https://www.examtopics.com/discussions/microsoft/view/51489-exam-az-900-topic-1-question-77-discussion/,True
Question #: 125,https://www.examtopics.com/discussions/microsoft/view/51886-exam-az-900-topic-1-question-125-discussion/,True
Question #: 126,https://www.examtopics.com/discussions/microsoft/view/53294-exam-az-900-topic-1-question-126-discussion/,True
Question #: 132,https://www.examtopics.com/discussions/microsoft/view/45560-exam-az-900-topic-1-question-132-discussion/,True
Question #: 133,https://www.examtopics.com/discussions/microsoft/view/61255-exam-az-900-topic-1-question-133-discussion/,True
Question #: 134,https://www.examtopics.com/discussions/microsoft/view/63081-exam-az-900-topic-1-question-134-discussion/,True
Question #: 135,https://www.examtopics.com/discussions/microsoft/view/69096-exam-az-900-topic-1-question-135-discussion/,True
Question #: 136,https://www.examtopics.com/discussions/microsoft/view/69775-exam-az-900-topic-1-question-136-discussion/,True
Question #: 137,https://www.examtopics.com/discussions/microsoft/view/68715-exam-az-900-topic-1-question-137-discussion/,True
Question #: 138,https://www.examtopics.com/discussions/microsoft/view/79913-exam-az-900-topic-1-question-138-discussion/,True
Question #: 139,https://www.examtopics.com/discussions/microsoft/view/79914-exam-az-900-topic-1-question-139-discussion/,True
Question #: 140,https://www.examtopics.com/discussions/microsoft/view/79690-exam-az-900-topic-1-question-140-discussion/,True
Question #: 141,https://www.examtopics.com/discussions/microsoft/view/79915-exam-az-900-topic-1-question-141-discussion/,True
Question #: 142,https://www.examtopics.com/discussions/microsoft/view/80311-exam-az-900-topic-1-question-142-discussion/,True
Question #: 143,https://www.examtopics.com/discussions/microsoft/view/82429-exam-az-900-topic-1-question-143-discussion/,True
Question #: 144,https://www.examtopics.com/discussions/microsoft/view/79916-exam-az-900-topic-1-question-144-discussion/,True
Question #: 145,https://www.examtopics.com/discussions/microsoft/view/52910-exam-az-900-topic-1-question-145-discussion/,True
Question #: 146,https://www.examtopics.com/discussions/microsoft/view/84410-exam-az-900-topic-1-question-146-discussion/,True
Question #: 147,https://www.examtopics.com/discussions/microsoft/view/83522-exam-az-900-topic-1-question-147-discussion/,True
Question #: 148,https://www.examtopics.com/discussions/microsoft/view/84412-exam-az-900-topic-1-question-148-discussion/,True
Question #: 149,https://www.examtopics.com/discussions/microsoft/view/82794-exam-az-900-topic-1-question-149-discussion/,True
Question #: 150,https://www.examtopics.com/discussions/microsoft/view/80708-exam-az-900-topic-1-question-150-discussion/,True
Question #: 151,https://www.examtopics.com/discussions/microsoft/view/81560-exam-az-900-topic-1-question-151-discussion/,True
Question #: 152,https://www.examtopics.com/discussions/microsoft/view/44259-exam-az-900-topic-1-question-152-discussion/,True
Question #: 153,https://www.examtopics.com/discussions/microsoft/view/9194-exam-az-900-topic-1-question-153-discussion/,True
Question #: 154,https://www.examtopics.com/discussions/microsoft/view/11135-exam-az-900-topic-1-question-154-discussion/,True
Question #: 155,https://www.examtopics.com/discussions/microsoft/view/4948-exam-az-900-topic-1-question-155-discussion/,True
Question #: 156,https://www.examtopics.com/discussions/microsoft/view/83758-exam-az-900-topic-1-question-156-discussion/,True
Question #: 157,https://www.examtopics.com/discussions/microsoft/view/78635-exam-az-900-topic-1-question-157-discussion/,True
Question #: 158,https://www.examtopics.com/discussions/microsoft/view/84026-exam-az-900-topic-1-question-158-discussion/,True
Question #: 159,https://www.examtopics.com/discussions/microsoft/view/10023-exam-az-900-topic-1-question-159-discussion/,True
Question #: 160,https://www.examtopics.com/discussions/microsoft/view/10808-exam-az-900-topic-1-question-160-discussion/,True
Question #: 161,https://www.examtopics.com/discussions/microsoft/view/12156-exam-az-900-topic-1-question-161-discussion/,True
Question #: 162,https://www.examtopics.com/discussions/microsoft/view/84024-exam-az-900-topic-1-question-162-discussion/,True
Question #: 163,https://www.examtopics.com/discussions/microsoft/view/84471-exam-az-900-topic-1-question-163-discussion/,True
Question #: 164,https://www.examtopics.com/discussions/microsoft/view/3203-exam-az-900-topic-1-question-164-discussion/,True
Question #: 165,https://www.examtopics.com/discussions/microsoft/view/2971-exam-az-900-topic-1-question-165-discussion/,True
Question #: 166,https://www.examtopics.com/discussions/microsoft/view/45182-exam-az-900-topic-1-question-166-discussion/,True
Question #: 167,https://www.examtopics.com/discussions/microsoft/view/12298-exam-az-900-topic-1-question-167-discussion/,True
Question #: 168,https://www.examtopics.com/discussions/microsoft/view/44024-exam-az-900-topic-1-question-168-discussion/,True
Question #: 169,https://www.examtopics.com/discussions/microsoft/view/44734-exam-az-900-topic-1-question-169-discussion/,True
Question #: 170,https://www.examtopics.com/discussions/microsoft/view/44741-exam-az-900-topic-1-question-170-discussion/,True
Question #: 171,https://www.examtopics.com/discussions/microsoft/view/11191-exam-az-900-topic-1-question-171-discussion/,True
Question #: 172,https://www.examtopics.com/discussions/microsoft/view/44742-exam-az-900-topic-1-question-172-discussion/,True
Question #: 173,https://www.examtopics.com/discussions/microsoft/view/9991-exam-az-900-topic-1-question-173-discussion/,True
Question #: 174,https://www.examtopics.com/discussions/microsoft/view/12323-exam-az-900-topic-1-question-174-discussion/,True
Question #: 175,https://www.examtopics.com/discussions/microsoft/view/8995-exam-az-900-topic-1-question-175-discussion/,True
Question #: 176,https://www.examtopics.com/discussions/microsoft/view/5647-exam-az-900-topic-1-question-176-discussion/,True
Question #: 177,https://www.examtopics.com/discussions/microsoft/view/11131-exam-az-900-topic-1-question-177-discussion/,True
Question #: 178,https://www.examtopics.com/discussions/microsoft/view/9301-exam-az-900-topic-1-question-178-discussion/,True
Question #: 179,https://www.examtopics.com/discussions/microsoft/view/48007-exam-az-900-topic-1-question-179-discussion/,True
Question #: 180,https://www.examtopics.com/discussions/microsoft/view/46384-exam-az-900-topic-1-question-180-discussion/,True
Question #: 181,https://www.examtopics.com/discussions/microsoft/view/47125-exam-az-900-topic-1-question-181-discussion/,True
Question #: 182,https://www.examtopics.com/discussions/microsoft/view/69479-exam-az-900-topic-1-question-182-discussion/,True
Question #: 183,https://www.examtopics.com/discussions/microsoft/view/8755-exam-az-900-topic-1-question-183-discussion/,True
Question #: 184,https://www.examtopics.com/discussions/microsoft/view/9162-exam-az-900-topic-1-question-184-discussion/,True
Question #: 185,https://www.examtopics.com/discussions/microsoft/view/44038-exam-az-900-topic-1-question-185-discussion/,True
Question #: 186,https://www.examtopics.com/discussions/microsoft/view/44185-exam-az-900-topic-1-question-186-discussion/,True
Question #: 187,https://www.examtopics.com/discussions/microsoft/view/9632-exam-az-900-topic-1-question-187-discussion/,True
Question #: 188,https://www.examtopics.com/discussions/microsoft/view/51502-exam-az-900-topic-1-question-188-discussion/,True
Question #: 189,https://www.examtopics.com/discussions/microsoft/view/45073-exam-az-900-topic-1-question-189-discussion/,True
Question #: 190,https://www.examtopics.com/discussions/microsoft/view/45074-exam-az-900-topic-1-question-190-discussion/,True
Question #: 191,https://www.examtopics.com/discussions/microsoft/view/44117-exam-az-900-topic-1-question-191-discussion/,True
Question #: 192,https://www.examtopics.com/discussions/microsoft/view/45075-exam-az-900-topic-1-question-192-discussion/,True
Question #: 193,https://www.examtopics.com/discussions/microsoft/view/51980-exam-az-900-topic-1-question-193-discussion/,True
Question #: 194,https://www.examtopics.com/discussions/microsoft/view/53894-exam-az-900-topic-1-question-194-discussion/,True
Question #: 195,https://www.examtopics.com/discussions/microsoft/view/45076-exam-az-900-topic-1-question-195-discussion/,True
Question #: 196,https://www.examtopics.com/discussions/microsoft/view/9649-exam-az-900-topic-1-question-196-discussion/,True
Question #: 197,https://www.examtopics.com/discussions/microsoft/view/63075-exam-az-900-topic-1-question-197-discussion/,True
Question #: 198,https://www.examtopics.com/discussions/microsoft/view/69583-exam-az-900-topic-1-question-198-discussion/,True
Question #: 199,https://www.examtopics.com/discussions/microsoft/view/80968-exam-az-900-topic-1-question-199-discussion/,True
Question #: 200,https://www.examtopics.com/discussions/microsoft/view/84376-exam-az-900-topic-1-question-200-discussion/,True
Question #: 201,https://www.examtopics.com/discussions/microsoft/view/84319-exam-az-900-topic-1-question-201-discussion/,True
Question #: 202,https://www.examtopics.com/discussions/microsoft/view/14896-exam-az-900-topic-1-question-202-discussion/,True
Question #: 203,https://www.examtopics.com/discussions/microsoft/view/8413-exam-az-900-topic-1-question-203-discussion/,True
Question #: 204,https://www.examtopics.com/discussions/microsoft/view/69026-exam-az-900-topic-1-question-204-discussion/,True
Question #: 205,https://www.examtopics.com/discussions/microsoft/view/11360-exam-az-900-topic-1-question-205-discussion/,True
Question #: 206,https://www.examtopics.com/discussions/microsoft/view/44512-exam-az-900-topic-1-question-206-discussion/,True
Question #: 207,https://www.examtopics.com/discussions/microsoft/view/45180-exam-az-900-topic-1-question-207-discussion/,True
Question #: 208,https://www.examtopics.com/discussions/microsoft/view/44320-exam-az-900-topic-1-question-208-discussion/,True
Question #: 209,https://www.examtopics.com/discussions/microsoft/view/80696-exam-az-900-topic-1-question-209-discussion/,True
Question #: 210,https://www.examtopics.com/discussions/microsoft/view/85190-exam-az-900-topic-1-question-210-discussion/,True
Question #: 211,https://www.examtopics.com/discussions/microsoft/view/85345-exam-az-900-topic-1-question-211-discussion/,True
Question #: 212,https://www.examtopics.com/discussions/microsoft/view/61501-exam-az-900-topic-1-question-212-discussion/,True
Question #: 213,https://www.examtopics.com/discussions/microsoft/view/44130-exam-az-900-topic-1-question-213-discussion/,True
Question #: 214,https://www.examtopics.com/discussions/microsoft/view/20007-exam-az-900-topic-1-question-214-discussion/,True
Question #: 215,https://www.examtopics.com/discussions/microsoft/view/13347-exam-az-900-topic-1-question-215-discussion/,True
Question #: 216,https://www.examtopics.com/discussions/microsoft/view/11903-exam-az-900-topic-1-question-216-discussion/,True
Question #: 217,https://www.examtopics.com/discussions/microsoft/view/11176-exam-az-900-topic-1-question-217-discussion/,True
Question #: 218,https://www.examtopics.com/discussions/microsoft/view/11128-exam-az-900-topic-1-question-218-discussion/,True
Question #: 219,https://www.examtopics.com/discussions/microsoft/view/45187-exam-az-900-topic-1-question-219-discussion/,True
Question #: 220,https://www.examtopics.com/discussions/microsoft/view/20514-exam-az-900-topic-1-question-220-discussion/,True
Question #: 221,https://www.examtopics.com/discussions/microsoft/view/10539-exam-az-900-topic-1-question-221-discussion/,True
Question #: 222,https://www.examtopics.com/discussions/microsoft/view/53876-exam-az-900-topic-1-question-222-discussion/,True
Question #: 223,https://www.examtopics.com/discussions/microsoft/view/61089-exam-az-900-topic-1-question-223-discussion/,True
Question #: 224,https://www.examtopics.com/discussions/microsoft/view/61091-exam-az-900-topic-1-question-224-discussion/,True
Question #: 225,https://www.examtopics.com/discussions/microsoft/view/44088-exam-az-900-topic-1-question-225-discussion/,True
Question #: 226,https://www.examtopics.com/discussions/microsoft/view/45974-exam-az-900-topic-1-question-226-discussion/,True
Question #: 227,https://www.examtopics.com/discussions/microsoft/view/62848-exam-az-900-topic-1-question-227-discussion/,True
Question #: 228,https://www.examtopics.com/discussions/microsoft/view/63192-exam-az-900-topic-1-question-228-discussion/,True
Question #: 229,https://www.examtopics.com/discussions/microsoft/view/63451-exam-az-900-topic-1-question-229-discussion/,True
Question #: 230,https://www.examtopics.com/discussions/microsoft/view/63363-exam-az-900-topic-1-question-230-discussion/,True
Question #: 231,https://www.examtopics.com/discussions/microsoft/view/63117-exam-az-900-topic-1-question-231-discussion/,True
Question #: 232,https://www.examtopics.com/discussions/microsoft/view/62789-exam-az-900-topic-1-question-232-discussion/,True
Question #: 233,https://www.examtopics.com/discussions/microsoft/view/69117-exam-az-900-topic-1-question-233-discussion/,True
Question #: 234,https://www.examtopics.com/discussions/microsoft/view/84453-exam-az-900-topic-1-question-234-discussion/,True
Question #: 235,https://www.examtopics.com/discussions/microsoft/view/85454-exam-az-900-topic-1-question-235-discussion/,True
Question #: 236,https://www.examtopics.com/discussions/microsoft/view/85455-exam-az-900-topic-1-question-236-discussion/,True
Question #: 237,https://www.examtopics.com/discussions/microsoft/view/85576-exam-az-900-topic-1-question-237-discussion/,True
Question #: 238,https://www.examtopics.com/discussions/microsoft/view/79706-exam-az-900-topic-1-question-238-discussion/,True
Question #: 239,https://www.examtopics.com/discussions/microsoft/view/85456-exam-az-900-topic-1-question-239-discussion/,True
Question #: 240,https://www.examtopics.com/discussions/microsoft/view/87279-exam-az-900-topic-1-question-240-discussion/,True
Question #: 241,https://www.examtopics.com/discussions/microsoft/view/85476-exam-az-900-topic-1-question-241-discussion/,True
Question #: 242,https://www.examtopics.com/discussions/microsoft/view/85480-exam-az-900-topic-1-question-242-discussion/,True
Question #: 243,https://www.examtopics.com/discussions/microsoft/view/79333-exam-az-900-topic-1-question-243-discussion/,True
Question #: 244,https://www.examtopics.com/discussions/microsoft/view/85481-exam-az-900-topic-1-question-244-discussion/,True
Question #: 245,https://www.examtopics.com/discussions/microsoft/view/85482-exam-az-900-topic-1-question-245-discussion/,True
Question #: 246,https://www.examtopics.com/discussions/microsoft/view/78492-exam-az-900-topic-1-question-246-discussion/,True
Question #: 247,https://www.examtopics.com/discussions/microsoft/view/87281-exam-az-900-topic-1-question-247-discussion/,True
Question #: 248,https://www.examtopics.com/discussions/microsoft/view/8049-exam-az-900-topic-1-question-248-discussion/,True
Question #: 249,https://www.examtopics.com/discussions/microsoft/view/11141-exam-az-900-topic-1-question-249-discussion/,True
Question #: 250,https://www.examtopics.com/discussions/microsoft/view/38449-exam-az-900-topic-1-question-250-discussion/,True
Question #: 251,https://www.examtopics.com/discussions/microsoft/view/46031-exam-az-900-topic-1-question-251-discussion/,True
Question #: 252,https://www.examtopics.com/discussions/microsoft/view/46597-exam-az-900-topic-1-question-252-discussion/,True
Question #: 253,https://www.examtopics.com/discussions/microsoft/view/8437-exam-az-900-topic-1-question-253-discussion/,True
Question #: 254,https://www.examtopics.com/discussions/microsoft/view/9018-exam-az-900-topic-1-question-254-discussion/,True
Question #: 255,https://www.examtopics.com/discussions/microsoft/view/10423-exam-az-900-topic-1-question-255-discussion/,True
Question #: 256,https://www.examtopics.com/discussions/microsoft/view/11867-exam-az-900-topic-1-question-256-discussion/,True
Question #: 257,https://www.examtopics.com/discussions/microsoft/view/45183-exam-az-900-topic-1-question-257-discussion/,True
Question #: 258,https://www.examtopics.com/discussions/microsoft/view/52250-exam-az-900-topic-1-question-258-discussion/,True
Question #: 259,https://www.examtopics.com/discussions/microsoft/view/44015-exam-az-900-topic-1-question-259-discussion/,True
Question #: 260,https://www.examtopics.com/discussions/microsoft/view/7310-exam-az-900-topic-1-question-260-discussion/,True
Question #: 261,https://www.examtopics.com/discussions/microsoft/view/51524-exam-az-900-topic-1-question-261-discussion/,True
Question #: 262,https://www.examtopics.com/discussions/microsoft/view/7793-exam-az-900-topic-1-question-262-discussion/,True
Question #: 263,https://www.examtopics.com/discussions/microsoft/view/10647-exam-az-900-topic-1-question-263-discussion/,True
Question #: 264,https://www.examtopics.com/discussions/microsoft/view/45184-exam-az-900-topic-1-question-264-discussion/,True
Question #: 265,https://www.examtopics.com/discussions/microsoft/view/51322-exam-az-900-topic-1-question-265-discussion/,True
Question #: 266,https://www.examtopics.com/discussions/microsoft/view/52551-exam-az-900-topic-1-question-266-discussion/,True
Question #: 267,https://www.examtopics.com/discussions/microsoft/view/44371-exam-az-900-topic-1-question-267-discussion/,True
Question #: 268,https://www.examtopics.com/discussions/microsoft/view/45185-exam-az-900-topic-1-question-268-discussion/,True
Question #: 269,https://www.examtopics.com/discussions/microsoft/view/5555-exam-az-900-topic-1-question-269-discussion/,True
Question #: 270,https://www.examtopics.com/discussions/microsoft/view/45020-exam-az-900-topic-1-question-270-discussion/,True
Question #: 271,https://www.examtopics.com/discussions/microsoft/view/10819-exam-az-900-topic-1-question-271-discussion/,True
Question #: 272,https://www.examtopics.com/discussions/microsoft/view/45186-exam-az-900-topic-1-question-272-discussion/,True
Question #: 273,https://www.examtopics.com/discussions/microsoft/view/2991-exam-az-900-topic-1-question-273-discussion/,True
Question #: 274,https://www.examtopics.com/discussions/microsoft/view/8445-exam-az-900-topic-1-question-274-discussion/,True
Question #: 275,https://www.examtopics.com/discussions/microsoft/view/44527-exam-az-900-topic-1-question-275-discussion/,True
Question #: 276,https://www.examtopics.com/discussions/microsoft/view/70938-exam-az-900-topic-1-question-276-discussion/,True
Question #: 277,https://www.examtopics.com/discussions/microsoft/view/47447-exam-az-900-topic-1-question-277-discussion/,True
Question #: 278,https://www.examtopics.com/discussions/microsoft/view/61336-exam-az-900-topic-1-question-278-discussion/,True
Question #: 279,https://www.examtopics.com/discussions/microsoft/view/11129-exam-az-900-topic-1-question-279-discussion/,True
Question #: 280,https://www.examtopics.com/discussions/microsoft/view/44791-exam-az-900-topic-1-question-280-discussion/,True
Question #: 281,https://www.examtopics.com/discussions/microsoft/view/61611-exam-az-900-topic-1-question-281-discussion/,True
Question #: 282,https://www.examtopics.com/discussions/microsoft/view/63588-exam-az-900-topic-1-question-282-discussion/,True
Question #: 283,https://www.examtopics.com/discussions/microsoft/view/63119-exam-az-900-topic-1-question-283-discussion/,True
Question #: 284,https://www.examtopics.com/discussions/microsoft/view/45722-exam-az-900-topic-1-question-284-discussion/,True
Question #: 285,https://www.examtopics.com/discussions/microsoft/view/68711-exam-az-900-topic-1-question-285-discussion/,True
Question #: 286,https://www.examtopics.com/discussions/microsoft/view/70154-exam-az-900-topic-1-question-286-discussion/,True
Question #: 287,https://www.examtopics.com/discussions/microsoft/view/69018-exam-az-900-topic-1-question-287-discussion/,True
Question #: 288,https://www.examtopics.com/discussions/microsoft/view/85937-exam-az-900-topic-1-question-288-discussion/,True
Question #: 289,https://www.examtopics.com/discussions/microsoft/view/68753-exam-az-900-topic-1-question-289-discussion/,True
Question #: 290,https://www.examtopics.com/discussions/microsoft/view/85768-exam-az-900-topic-1-question-290-discussion/,True
Question #: 291,https://www.examtopics.com/discussions/microsoft/view/81731-exam-az-900-topic-1-question-291-discussion/,True
Question #: 292,https://www.examtopics.com/discussions/microsoft/view/78619-exam-az-900-topic-1-question-292-discussion/,True
Question #: 293,https://www.examtopics.com/discussions/microsoft/view/63318-exam-az-900-topic-1-question-293-discussion/,True
Question #: 294,https://www.examtopics.com/discussions/microsoft/view/20450-exam-az-900-topic-1-question-294-discussion/,True
Question #: 295,https://www.examtopics.com/discussions/microsoft/view/44454-exam-az-900-topic-1-question-295-discussion/,True
Question #: 296,https://www.examtopics.com/discussions/microsoft/view/61128-exam-az-900-topic-1-question-296-discussion/,True
Question #: 297,https://www.examtopics.com/discussions/microsoft/view/45819-exam-az-900-topic-1-question-297-discussion/,True
Question #: 298,https://www.examtopics.com/discussions/microsoft/view/54070-exam-az-900-topic-1-question-298-discussion/,True
Question #: 299,https://www.examtopics.com/discussions/microsoft/view/46624-exam-az-900-topic-1-question-299-discussion/,True
Question #: 300,https://www.examtopics.com/discussions/microsoft/view/48043-exam-az-900-topic-1-question-300-discussion/,True
Question #: 301,https://www.examtopics.com/discussions/microsoft/view/46512-exam-az-900-topic-1-question-301-discussion/,True
Question #: 302,https://www.examtopics.com/discussions/microsoft/view/47561-exam-az-900-topic-1-question-302-discussion/,True
Question #: 303,https://www.examtopics.com/discussions/microsoft/view/44197-exam-az-900-topic-1-question-303-discussion/,True
Question #: 304,https://www.examtopics.com/discussions/microsoft/view/69119-exam-az-900-topic-1-question-304-discussion/,True
Question #: 305,https://www.examtopics.com/discussions/microsoft/view/9327-exam-az-900-topic-1-question-305-discussion/,True
Question #: 306,https://www.examtopics.com/discussions/microsoft/view/52549-exam-az-900-topic-1-question-306-discussion/,True
Question #: 307,https://www.examtopics.com/discussions/microsoft/view/90758-exam-az-900-topic-1-question-307-discussion/,True
Question #: 308,https://www.examtopics.com/discussions/microsoft/view/84570-exam-az-900-topic-1-question-308-discussion/,True
Question #: 309,https://www.examtopics.com/discussions/microsoft/view/44788-exam-az-900-topic-1-question-309-discussion/,True
Question #: 310,https://www.examtopics.com/discussions/microsoft/view/87589-exam-az-900-topic-1-question-310-discussion/,True
Question #: 311,https://www.examtopics.com/discussions/microsoft/view/45865-exam-az-900-topic-1-question-311-discussion/,True
Question #: 312,https://www.examtopics.com/discussions/microsoft/view/48486-exam-az-900-topic-1-question-312-discussion/,True
Question #: 313,https://www.examtopics.com/discussions/microsoft/view/45710-exam-az-900-topic-1-question-313-discussion/,True
Question #: 314,https://www.examtopics.com/discussions/microsoft/view/5741-exam-az-900-topic-1-question-314-discussion/,True
Question #: 315,https://www.examtopics.com/discussions/microsoft/view/14790-exam-az-900-topic-1-question-315-discussion/,True
Question #: 316,https://www.examtopics.com/discussions/microsoft/view/5027-exam-az-900-topic-1-question-316-discussion/,True
Question #: 317,https://www.examtopics.com/discussions/microsoft/view/44187-exam-az-900-topic-1-question-317-discussion/,True
Question #: 318,https://www.examtopics.com/discussions/microsoft/view/9057-exam-az-900-topic-1-question-318-discussion/,True
Question #: 319,https://www.examtopics.com/discussions/microsoft/view/52065-exam-az-900-topic-1-question-319-discussion/,True
Question #: 320,https://www.examtopics.com/discussions/microsoft/view/13288-exam-az-900-topic-1-question-320-discussion/,True
Question #: 321,https://www.examtopics.com/discussions/microsoft/view/45709-exam-az-900-topic-1-question-321-discussion/,True
Question #: 322,https://www.examtopics.com/discussions/microsoft/view/17697-exam-az-900-topic-1-question-322-discussion/,True
Question #: 323,https://www.examtopics.com/discussions/microsoft/view/51291-exam-az-900-topic-1-question-323-discussion/,True
Question #: 324,https://www.examtopics.com/discussions/microsoft/view/51191-exam-az-900-topic-1-question-324-discussion/,True
Question #: 325,https://www.examtopics.com/discussions/microsoft/view/53883-exam-az-900-topic-1-question-325-discussion/,True
Question #: 326,https://www.examtopics.com/discussions/microsoft/view/7152-exam-az-900-topic-1-question-326-discussion/,True
Question #: 327,https://www.examtopics.com/discussions/microsoft/view/21088-exam-az-900-topic-1-question-327-discussion/,True
Question #: 328,https://www.examtopics.com/discussions/microsoft/view/44002-exam-az-900-topic-1-question-328-discussion/,True
Question #: 329,https://www.examtopics.com/discussions/microsoft/view/54072-exam-az-900-topic-1-question-329-discussion/,True
Question #: 330,https://www.examtopics.com/discussions/microsoft/view/45912-exam-az-900-topic-1-question-330-discussion/,True
Question #: 331,https://www.examtopics.com/discussions/microsoft/view/45280-exam-az-900-topic-1-question-331-discussion/,True
Question #: 332,https://www.examtopics.com/discussions/microsoft/view/61053-exam-az-900-topic-1-question-332-discussion/,True
Question #: 333,https://www.examtopics.com/discussions/microsoft/view/61054-exam-az-900-topic-1-question-333-discussion/,True
Question #: 334,https://www.examtopics.com/discussions/microsoft/view/9610-exam-az-900-topic-1-question-334-discussion/,True
Question #: 335,https://www.examtopics.com/discussions/microsoft/view/44825-exam-az-900-topic-1-question-335-discussion/,True
Question #: 336,https://www.examtopics.com/discussions/microsoft/view/45629-exam-az-900-topic-1-question-336-discussion/,True
Question #: 337,https://www.examtopics.com/discussions/microsoft/view/63383-exam-az-900-topic-1-question-337-discussion/,True
Question #: 338,https://www.examtopics.com/discussions/microsoft/view/46102-exam-az-900-topic-1-question-338-discussion/,True
Question #: 339,https://www.examtopics.com/discussions/microsoft/view/33447-exam-az-900-topic-1-question-339-discussion/,True
Question #: 340,https://www.examtopics.com/discussions/microsoft/view/44082-exam-az-900-topic-1-question-340-discussion/,True
Question #: 341,https://www.examtopics.com/discussions/microsoft/view/70105-exam-az-900-topic-1-question-341-discussion/,True
Question #: 342,https://www.examtopics.com/discussions/microsoft/view/81146-exam-az-900-topic-1-question-342-discussion/,True
Question #: 343,https://www.examtopics.com/discussions/microsoft/view/78712-exam-az-900-topic-1-question-343-discussion/,True
Question #: 344,https://www.examtopics.com/discussions/microsoft/view/86098-exam-az-900-topic-1-question-344-discussion/,True
Question #: 345,https://www.examtopics.com/discussions/microsoft/view/82496-exam-az-900-topic-1-question-345-discussion/,True
Question #: 346,https://www.examtopics.com/discussions/microsoft/view/85320-exam-az-900-topic-1-question-346-discussion/,True
Question #: 347,https://www.examtopics.com/discussions/microsoft/view/80139-exam-az-900-topic-1-question-347-discussion/,True
Question #: 348,https://www.examtopics.com/discussions/microsoft/view/90194-exam-az-900-topic-1-question-348-discussion/,True
Question #: 349,https://www.examtopics.com/discussions/microsoft/view/86176-exam-az-900-topic-1-question-349-discussion/,True
Question #: 350,https://www.examtopics.com/discussions/microsoft/view/86119-exam-az-900-topic-1-question-350-discussion/,True
Question #: 351,https://www.examtopics.com/discussions/microsoft/view/81476-exam-az-900-topic-1-question-351-discussion/,True
Question #: 352,https://www.examtopics.com/discussions/microsoft/view/92756-exam-az-900-topic-1-question-352-discussion/,True
Question #: 353,https://www.examtopics.com/discussions/microsoft/view/81478-exam-az-900-topic-1-question-353-discussion/,True
Question #: 354,https://www.examtopics.com/discussions/microsoft/view/82215-exam-az-900-topic-1-question-354-discussion/,True
Question #: 355,https://www.examtopics.com/discussions/microsoft/view/85344-exam-az-900-topic-1-question-355-discussion/,True
Question #: 356,https://www.examtopics.com/discussions/microsoft/view/7886-exam-az-900-topic-1-question-356-discussion/,True
Question #: 357,https://www.examtopics.com/discussions/microsoft/view/11535-exam-az-900-topic-1-question-357-discussion/,True
Question #: 358,https://www.examtopics.com/discussions/microsoft/view/10463-exam-az-900-topic-1-question-358-discussion/,True
Question #: 359,https://www.examtopics.com/discussions/microsoft/view/10554-exam-az-900-topic-1-question-359-discussion/,True
Question #: 360,https://www.examtopics.com/discussions/microsoft/view/44304-exam-az-900-topic-1-question-360-discussion/,True
Question #: 361,https://www.examtopics.com/discussions/microsoft/view/54071-exam-az-900-topic-1-question-361-discussion/,True
Question #: 362,https://www.examtopics.com/discussions/microsoft/view/9262-exam-az-900-topic-1-question-362-discussion/,True
Question #: 363,https://www.examtopics.com/discussions/microsoft/view/54656-exam-az-900-topic-1-question-363-discussion/,True
Question #: 364,https://www.examtopics.com/discussions/microsoft/view/9607-exam-az-900-topic-1-question-364-discussion/,True
Question #: 365,https://www.examtopics.com/discussions/microsoft/view/7151-exam-az-900-topic-1-question-365-discussion/,True
Question #: 366,https://www.examtopics.com/discussions/microsoft/view/4803-exam-az-900-topic-1-question-366-discussion/,True
Question #: 367,https://www.examtopics.com/discussions/microsoft/view/11145-exam-az-900-topic-1-question-367-discussion/,True
Question #: 368,https://www.examtopics.com/discussions/microsoft/view/9809-exam-az-900-topic-1-question-368-discussion/,True
Question #: 369,https://www.examtopics.com/discussions/microsoft/view/13602-exam-az-900-topic-1-question-369-discussion/,True
Question #: 370,https://www.examtopics.com/discussions/microsoft/view/17297-exam-az-900-topic-1-question-370-discussion/,True
Question #: 371,https://www.examtopics.com/discussions/microsoft/view/29856-exam-az-900-topic-1-question-371-discussion/,True
Question #: 372,https://www.examtopics.com/discussions/microsoft/view/44796-exam-az-900-topic-1-question-372-discussion/,True
Question #: 373,https://www.examtopics.com/discussions/microsoft/view/86130-exam-az-900-topic-1-question-373-discussion/,True
Question #: 374,https://www.examtopics.com/discussions/microsoft/view/78724-exam-az-900-topic-1-question-374-discussion/,True
Question #: 375,https://www.examtopics.com/discussions/microsoft/view/86636-exam-az-900-topic-1-question-375-discussion/,True
Question #: 376,https://www.examtopics.com/discussions/microsoft/view/85491-exam-az-900-topic-1-question-376-discussion/,True
Question #: 377,https://www.examtopics.com/discussions/microsoft/view/78880-exam-az-900-topic-1-question-377-discussion/,True
Question #: 378,https://www.examtopics.com/discussions/microsoft/view/82216-exam-az-900-topic-1-question-378-discussion/,True
Question #: 379,https://www.examtopics.com/discussions/microsoft/view/78501-exam-az-900-topic-1-question-379-discussion/,True
Question #: 380,https://www.examtopics.com/discussions/microsoft/view/81954-exam-az-900-topic-1-question-380-discussion/,True
Question #: 381,https://www.examtopics.com/discussions/microsoft/view/79306-exam-az-900-topic-1-question-381-discussion/,True
Question #: 382,https://www.examtopics.com/discussions/microsoft/view/79307-exam-az-900-topic-1-question-382-discussion/,True
Question #: 383,https://www.examtopics.com/discussions/microsoft/view/78506-exam-az-900-topic-1-question-383-discussion/,True
Question #: 384,https://www.examtopics.com/discussions/microsoft/view/84576-exam-az-900-topic-1-question-384-discussion/,True
Question #: 385,https://www.examtopics.com/discussions/microsoft/view/85328-exam-az-900-topic-1-question-385-discussion/,True
Question #: 386,https://www.examtopics.com/discussions/microsoft/view/93738-exam-az-900-topic-1-question-386-discussion/,True
Question #: 387,https://www.examtopics.com/discussions/microsoft/view/94667-exam-az-900-topic-1-question-387-discussion/,True
Question #: 388,https://www.examtopics.com/discussions/microsoft/view/94433-exam-az-900-topic-1-question-388-discussion/,True
Question #: 389,https://www.examtopics.com/discussions/microsoft/view/93462-exam-az-900-topic-1-question-389-discussion/,True
Question #: 390,https://www.examtopics.com/discussions/microsoft/view/109113-exam-ms-900-topic-1-question-390-discussion/,True
Question #: 391,https://www.examtopics.com/discussions/microsoft/view/93152-exam-az-900-topic-1-question-391-discussion/,True
Question #: 392,https://www.examtopics.com/discussions/microsoft/view/94394-exam-az-900-topic-1-question-392-discussion/,True
Question #: 393,https://www.examtopics.com/discussions/microsoft/view/94438-exam-az-900-topic-1-question-393-discussion/,True
Question #: 394,https://www.examtopics.com/discussions/microsoft/view/93154-exam-az-900-topic-1-question-394-discussion/,True
Question #: 395,https://www.examtopics.com/discussions/microsoft/view/93305-exam-az-900-topic-1-question-395-discussion/,True
Question #: 396,https://www.examtopics.com/discussions/microsoft/view/94658-exam-az-900-topic-1-question-396-discussion/,True
Question #: 397,https://www.examtopics.com/discussions/microsoft/view/93318-exam-az-900-topic-1-question-397-discussion/,True
Question #: 398,https://www.examtopics.com/discussions/microsoft/view/95495-exam-az-900-topic-1-question-398-discussion/,True
Question #: 399,https://www.examtopics.com/discussions/microsoft/view/95351-exam-az-900-topic-1-question-399-discussion/,True
Question #: 400,https://www.examtopics.com/discussions/microsoft/view/94663-exam-az-900-topic-1-question-400-discussion/,True
Question #: 401,https://www.examtopics.com/discussions/microsoft/view/93155-exam-az-900-topic-1-question-401-discussion/,True
Question #: 402,https://www.examtopics.com/discussions/microsoft/view/93747-exam-az-900-topic-1-question-402-discussion/,True
Question #: 403,https://www.examtopics.com/discussions/microsoft/view/93244-exam-az-900-topic-1-question-403-discussion/,True
Question #: 404,https://www.examtopics.com/discussions/microsoft/view/93464-exam-az-900-topic-1-question-404-discussion/,True
Question #: 405,https://www.examtopics.com/discussions/microsoft/view/93749-exam-az-900-topic-1-question-405-discussion/,True
Question #: 406,https://www.examtopics.com/discussions/microsoft/view/94324-exam-az-900-topic-1-question-406-discussion/,True
Question #: 407,https://www.examtopics.com/discussions/microsoft/view/93210-exam-az-900-topic-1-question-407-discussion/,True
Question #: 408,https://www.examtopics.com/discussions/microsoft/view/125593-exam-az-900-topic-1-question-408-discussion/,True
Question #: 409,https://www.examtopics.com/discussions/microsoft/view/94666-exam-az-900-topic-1-question-409-discussion/,True
Question #: 410,https://www.examtopics.com/discussions/microsoft/view/131690-exam-az-900-topic-1-question-410-discussion/,True
Question #: 411,https://www.examtopics.com/discussions/microsoft/view/93153-exam-az-900-topic-1-question-411-discussion/,True
Question #: 412,https://www.examtopics.com/discussions/microsoft/view/93159-exam-az-900-topic-1-question-412-discussion/,True
Question #: 413,https://www.examtopics.com/discussions/microsoft/view/108697-exam-az-900-topic-1-question-413-discussion/,True
Question #: 414,https://www.examtopics.com/discussions/microsoft/view/110430-exam-az-900-topic-1-question-414-discussion/,True
Question #: 415,https://www.examtopics.com/discussions/microsoft/view/109460-exam-az-900-topic-1-question-415-discussion/,True
Question #: 416,https://www.examtopics.com/discussions/microsoft/view/109416-exam-az-900-topic-1-question-416-discussion/,True
Question #: 417,https://www.examtopics.com/discussions/microsoft/view/131691-exam-az-900-topic-1-question-417-discussion/,True
Question #: 418,https://www.examtopics.com/discussions/microsoft/view/108910-exam-az-900-topic-1-question-418-discussion/,True
Question #: 419,https://www.examtopics.com/discussions/microsoft/view/112281-exam-az-900-topic-1-question-419-discussion/,True
Question #: 420,https://www.examtopics.com/discussions/microsoft/view/108911-exam-az-900-topic-1-question-420-discussion/,True
Question #: 421,https://www.examtopics.com/discussions/microsoft/view/112063-exam-az-900-topic-1-question-421-discussion/,True
Question #: 422,https://www.examtopics.com/discussions/microsoft/view/110614-exam-az-900-topic-1-question-422-discussion/,True
Question #: 423,https://www.examtopics.com/discussions/microsoft/view/111575-exam-az-900-topic-1-question-423-discussion/,True
Question #: 424,https://www.examtopics.com/discussions/microsoft/view/113379-exam-az-900-topic-1-question-424-discussion/,True
Question #: 425,https://www.examtopics.com/discussions/microsoft/view/113380-exam-az-900-topic-1-question-425-discussion/,True
Question #: 426,https://www.examtopics.com/discussions/microsoft/view/113381-exam-az-900-topic-1-question-426-discussion/,True
Question #: 427,https://www.examtopics.com/discussions/microsoft/view/113383-exam-az-900-topic-1-question-427-discussion/,True
Question #: 428,https://www.examtopics.com/discussions/microsoft/view/112285-exam-az-900-topic-1-question-428-discussion/,True
Question #: 429,https://www.examtopics.com/discussions/microsoft/view/111576-exam-az-900-topic-1-question-429-discussion/,True
Question #: 430,https://www.examtopics.com/discussions/microsoft/view/112286-exam-az-900-topic-1-question-430-discussion/,True
Question #: 431,https://www.examtopics.com/discussions/microsoft/view/112287-exam-az-900-topic-1-question-431-discussion/,True
Question #: 432,https://www.examtopics.com/discussions/microsoft/view/112288-exam-az-900-topic-1-question-432-discussion/,True
Question #: 433,https://www.examtopics.com/discussions/microsoft/view/113385-exam-az-900-topic-1-question-433-discussion/,True
Question #: 434,https://www.examtopics.com/discussions/microsoft/view/113386-exam-az-900-topic-1-question-434-discussion/,True
Question #: 435,https://www.examtopics.com/discussions/microsoft/view/112467-exam-az-900-topic-1-question-435-discussion/,True
Question #: 436,https://www.examtopics.com/discussions/microsoft/view/116458-exam-az-900-topic-1-question-436-discussion/,True
Question #: 437,https://www.examtopics.com/discussions/microsoft/view/131701-exam-az-900-topic-1-question-437-discussion/,True
Question #: 438,https://www.examtopics.com/discussions/microsoft/view/121275-exam-az-900-topic-1-question-438-discussion/,True
Question #: 439,https://www.examtopics.com/discussions/microsoft/view/119594-exam-az-900-topic-1-question-439-discussion/,True
Question #: 440,https://www.examtopics.com/discussions/microsoft/view/122861-exam-az-900-topic-1-question-440-discussion/,True
Question #: 441,https://www.examtopics.com/discussions/microsoft/view/124466-exam-az-900-topic-1-question-441-discussion/,True
Question #: 442,https://www.examtopics.com/discussions/microsoft/view/123870-exam-az-900-topic-1-question-442-discussion/,True
Question #: 443,https://www.examtopics.com/discussions/microsoft/view/119697-exam-az-900-topic-1-question-443-discussion/,True
Question #: 444,https://www.examtopics.com/discussions/microsoft/view/119596-exam-az-900-topic-1-question-444-discussion/,True
Question #: 445,https://www.examtopics.com/discussions/microsoft/view/121364-exam-az-900-topic-1-question-445-discussion/,True
Question #: 446,https://www.examtopics.com/discussions/microsoft/view/131933-exam-az-900-topic-1-question-446-discussion/,True
Question #: 447,https://www.examtopics.com/discussions/microsoft/view/119859-exam-az-900-topic-1-question-447-discussion/,True
Question #: 448,https://www.examtopics.com/discussions/microsoft/view/131413-exam-az-900-topic-1-question-448-discussion/,True
Question #: 449,https://www.examtopics.com/discussions/microsoft/view/132659-exam-az-900-topic-1-question-449-discussion/,True
Question #: 450,https://www.examtopics.com/discussions/microsoft/view/133605-exam-az-900-topic-1-question-450-discussion/,True
Question #: 451,https://www.examtopics.com/discussions/microsoft/view/133606-exam-az-900-topic-1-question-451-discussion/,True
Question #: 452,https://www.examtopics.com/discussions/microsoft/view/131641-exam-az-900-topic-1-question-452-discussion/,True
Question #: 453,https://www.examtopics.com/discussions/microsoft/view/134996-exam-az-900-topic-1-question-453-discussion/,True
Question #: 454,https://www.examtopics.com/discussions/microsoft/view/135698-exam-az-900-topic-1-question-454-discussion/,True
Question #: 455,https://www.examtopics.com/discussions/microsoft/view/135699-exam-az-900-topic-1-question-455-discussion/,True
Question #: 456,https://www.examtopics.com/discussions/microsoft/view/138496-exam-az-900-topic-1-question-456-discussion/,True
Question #: 457,https://www.examtopics.com/discussions/microsoft/view/134997-exam-az-900-topic-1-question-457-discussion/,True
Question #: 458,https://www.examtopics.com/discussions/microsoft/view/137532-exam-az-900-topic-1-question-458-discussion/,True
Question #: 459,https://www.examtopics.com/discussions/microsoft/view/138800-exam-az-900-topic-1-question-459-discussion/,True
Question #: 460,https://www.examtopics.com/discussions/microsoft/view/136231-exam-az-900-topic-1-question-460-discussion/,True
Question #: 461,https://www.examtopics.com/discussions/microsoft/view/135162-exam-az-900-topic-1-question-461-discussion/,True
Question #: 462,https://www.examtopics.com/discussions/microsoft/view/150258-exam-az-900-topic-1-question-462-discussion/,True
Question #: 463,https://www.examtopics.com/discussions/microsoft/view/150502-exam-az-900-topic-1-question-463-discussion/,True
Question #: 464,https://www.examtopics.com/discussions/microsoft/view/148926-exam-az-900-topic-1-question-464-discussion/,True
Question #: 465,https://www.examtopics.com/discussions/microsoft/view/150726-exam-az-900-topic-1-question-465-discussion/,True
Question #: 466,https://www.examtopics.com/discussions/microsoft/view/150738-exam-az-900-topic-1-question-466-discussion/,True
Question #: 467,https://www.examtopics.com/discussions/microsoft/view/150834-exam-az-900-topic-1-question-467-discussion/,True
Question #: 468,https://www.examtopics.com/discussions/microsoft/view/150835-exam-az-900-topic-1-question-468-discussion/,True
Question #: 469,https://www.examtopics.com/discussions/microsoft/view/151024-exam-az-900-topic-1-question-469-discussion/,True
Question #: 470,https://www.examtopics.com/discussions/microsoft/view/150836-exam-az-900-topic-1-question-470-discussion/,True
Question #: 471,https://www.examtopics.com/discussions/microsoft/view/151025-exam-az-900-topic-1-question-471-discussion/,True
Question #: 472,https://www.examtopics.com/discussions/microsoft/view/151344-exam-az-900-topic-1-question-472-discussion/,True
Question #: 473,https://www.examtopics.com/exams/microsfot/az-900/view/48/,False
Question #: 474,https://www.examtopics.com/discussions/microsoft/view/151778-exam-az-900-topic-1-question-474-discussion/,True
Question #: 128,https://www.examtopics.com/discussions/microsoft/view/44032-exam-az-900-topic-1-question-128-discussion/,True
Question #: 129,https://www.examtopics.com/discussions/microsoft/view/121427-exam-az-900-topic-1-question-129-discussion/,True
Question #: 130,https://www.examtopics.com/discussions/microsoft/view/54067-exam-az-900-topic-1-question-130-discussion/,True
Question #: 131,https://www.examtopics.com/discussions/microsoft/view/54052-exam-az-900-topic-1-question-131-discussion/,True
Question #: 106,https://www.examtopics.com/discussions/microsoft/view/8446-exam-az-900-topic-1-question-106-discussion/,True
Question #: 75,https://www.examtopics.com/discussions/microsoft/view/61176-exam-az-900-topic-1-question-75-discussion/,True
Question #: 113,https://www.examtopics.com/discussions/microsoft/view/62833-exam-az-900-topic-1-question-113-discussion/,True
Question #: 114,https://www.examtopics.com/discussions/microsoft/view/44761-exam-az-900-topic-1-question-114-discussion/,True
Question #: 115,https://www.examtopics.com/discussions/microsoft/view/45069-exam-az-900-topic-1-question-115-discussion/,True
Question #: 116,https://www.examtopics.com/discussions/microsoft/view/9652-exam-az-900-topic-1-question-116-discussion/,True
Question #: 117,https://www.examtopics.com/discussions/microsoft/view/45324-exam-az-900-topic-1-question-117-discussion/,True
Question #: 118,https://www.examtopics.com/discussions/microsoft/view/52366-exam-az-900-topic-1-question-118-discussion/,True
Question #: 119,https://www.examtopics.com/discussions/microsoft/view/44436-exam-az-900-topic-1-question-119-discussion/,True
Question #: 120,https://www.examtopics.com/discussions/microsoft/view/6408-exam-az-900-topic-1-question-120-discussion/,True
Question #: 94,https://www.examtopics.com/discussions/microsoft/view/80769-exam-az-900-topic-1-question-94-discussion/,True
Question #: 127,https://www.examtopics.com/discussions/microsoft/view/44033-exam-az-900-topic-1-question-127-discussion/,True
